series_id,series_name,desc,tags,work_id_list,co_operators,cover
3de816d8,蔓夭,本是师徒一场，她却在朝夕相伴中生了爱慕。然情深无望，终成心魔——一念成魔，只因爱而不得,#B站小剧场#一眼千年潮越古今#剧情#剧情演绎#古装#古风#影视#影视剪辑#海俪恩人生第一副美瞳#电视剧剪辑,"afad8bb1,8574094e",洋洋,http://i1.hdslb.com/bfs/archive/b2eda4fc71d1dbf5fed7e585dc02a838ce55c350.jpg
1a33f7e8,重生之师尊她黑化了,清冷师尊为护徒而死，觉醒的魔尊徒弟以魔气逆天相救。然而被唤醒的，却是师尊的另一面...,#B站小剧场#一梦黄粱多少年#二次元#二次元衍生#古风#古风视频#影视#影视剪辑#汉服#照从前#电视剧剪辑#短片,"6bbcaa51,decefb70,9e415995,b2cab3ac,ccf13ca6",扎心雷同学,http://i0.hdslb.com/bfs/archive/7a3bbaaa38a57312d5d8d37d96bd1cee95865145.jpg
481e4036,【水仙】自己爱上自己是一种什么样的体验？,懵懂花妖x小道士,#原创#古风#古风视频#短片,"43e14307,cdc41410",花皙蔻,http://i0.hdslb.com/bfs/archive/5415511c2e74deb34140e0e0c7751796996b8bec.jpg
be358af9,结缘地,"仙魔大战后,魔族统领和仙族统领的搞笑爱情故事",#兰蔻水粉底#剧情向#影视#影视剪辑#搞笑#电视剧剪辑#短剧,ec17b3d6,楚琪,http://i2.hdslb.com/bfs/archive/34c10cd15294584d360411e0700a57eb87556f81.jpg
4e0dcada,龟裂(民国清汉女),民国深宅大院里的爱恨情仇,#B站小剧场#B站小剧场·新春放映会#二次元#二次元衍生#影视#影视剪辑#明星八卦#明星随拍资讯#汉服#电视剧剪辑,"6b436fec,5cebb50a,5b0965c3,6b79c57f","化妆师小青蛙,千里明明,团子Lazy,夫诸,杨老麦,杨英俊,爱喵的风华,陈瑜婕",http://i0.hdslb.com/bfs/archive/8a408df77524a4e79ac8ab3bbd2252bfa7faefc5.jpg
a952815b,湮灭,孪生妹妹因母妃阴谋而走散，哥哥以血与身份为代价为妹妹铺下皇权之路，留下她在爱与恨中化身“皇子”，踏入夺位争权的残酷宫廷,#B站小剧场#B站小剧场·新春放映会#卯兔迎春小剧场#影视#影视剪辑#我在B站拍短剧·夏日剧场#电视剧剪辑,"f68039d5,9cef508a,60091f28",团子Lazy,http://i1.hdslb.com/bfs/archive/20925e62bb81c3e9e976edef68a50470986ca5a5.jpg
507c1cee,情深不悔,东方不败x雪千寻,#古风#自制,"bf850612,3fe18caf,a43d08ae","妞·妞·妞,妞妞妞",http://i2.hdslb.com/bfs/archive/9470f2b62abddee1c58ba048bc2d79c4a4567b6f.jpg
d70126bb,双A花魁,"双A花魁,这次谁是猎物？",#古风#自制,"eaa4eecc,2cac4e14,e3ed334d","圣微,知竹zZ",http://i0.hdslb.com/bfs/archive/aae5b01cdde105cf2379ddfa7e471dd1112d7f87.jpg
05ed5b9f,青蛇x白蛇,青蛇x白蛇,#二次元#二次元内容#二次元衍生#动漫IP#古风#古风视频#汉服#白蛇2青蛇劫起#短片#青蛇#青蛇劫起,"5c95ffc0,ac36c16d","圣微,知竹zZ",http://i2.hdslb.com/bfs/archive/a286d70c454ddfd0e1f948c03802b76d6d4798f1.jpg
180d66d8,梦幻西游手游系列,逍遥生x小狐狸/我的意中人是只猫/应龙x雷龙x女魃/金蝉子x蜘蛛精,#B站小剧场#人人都能聊影视5.0#其他剧情#剧情#剧情演绎#古风#我在B站拍短剧#梦幻手游盘丝洞#梦幻西游#梦幻西游手游周年庆#梦幻西游电脑版,"f9ecccb1,f1fcdf01,9d7a0db5,c94cf8f1","梦幻西游手游,楚淇,锦超",http://i1.hdslb.com/bfs/archive/c256328c70083189954c4ceeb990a8f8a58694d7.jpg
f7e9957b,百里安姝,深情狐君x痴情少女,#B站小剧场#B站小剧场·新春放映会#二次元#二次元衍生#影视#影视剪辑#我在B站拍短剧#我在B站拍短剧·夏日剧场#汉服#电视剧剪辑,"54a5c9f5,9b50e756,80db502a",锦超,http://i1.hdslb.com/bfs/archive/5f1d3eceab5d1d7c010c996f3f46e18245bf8ded.jpg
7ecf3fb5,孪生劫【欧莱雅】,腹黑王爷x双面杀手x哑巴小傻子,#B站小剧场#京东秒杀#其他剧情#剧情#剧情演绎#古风#居家#影视#影视剪辑#欧莱雅20霜#电视剧剪辑#短片#自制,"f44ca94e,21c022b7,a8d2ee48,506858d9",锦超,http://i1.hdslb.com/bfs/archive/64889b69f8380ffa6b3a04619a49ecc68fc6ea75.jpg
a624b8d7,节日特辑,中秋/兔年新春/牛年新春,#2023新年快乐#4K#B站小剧场#B站小剧场·夏日狂欢季#B站小剧场·新春放映会#以不变应万变#兰蔻二代小黑瓶#剧情#剧情演绎#古风#哔玩春节档#我在B站拍短剧#春节影视好看指南#贺岁,"0ebcd961,c60b57bb,936edb52",,http://i0.hdslb.com/bfs/archive/be1e6d18170703814a70b2b145596a80d087f918.jpg
73c6a2a1,杀人魔姐弟的恋爱日常,伪骨科,#B站小剧场#B站小剧场·夏日狂欢季#伪骨科#影视#影视剪辑#电视剧剪辑,"e59354c1,9b8e3cf2,3fe0bf23",玖柯9k,
185b3e92,致命温柔,"杀机与心动纠缠,在这场猎人与猎物的游戏里,谁才是真正的掌控者？",#B站小剧场·新春篇#冬日暴击#唇部彩妆#彩妆#影视#影视剪辑#新年盒你心意#时尚#杀手#爱情#电视剧剪辑,"8038f5bd,235154cb","朵声,玖柯9k",http://i2.hdslb.com/bfs/archive/2063e069d872d4b40e64bf131d3fd3a0d2fa1875.jpg
a4c34524,窃心,笨蛋捕快x心机小贼,#B站小剧场#人人都能聊影视5.0#剧情#剧情演绎#古装#古风#我在B站拍短剧,"78c5615b,e6e9dbeb",锦超,
58701be8,妖与仙,双重人格花妖x双重人格仙君(魔君),#B站小剧场#B站小剧场2.0#B站小剧场·新春篇#一眼千年潮越古今#冬日暴击#创意广告#剧情#剧情演绎#原创#古装#古风#影视#影视剪辑#植村秀日本柚子洁颜油#欧莱雅太空霜#歌曲万物起舞#歌曲三寸月光#海俪恩人生第一副美瞳#电视剧剪辑#短片,"8df418f7,f030a348,98d4d4f8,9c1d8bd2,2af069be,8e140694",锦超,http://i1.hdslb.com/bfs/archive/59c7ca6a0f192ec5b4cd2e8e23d5a11458e0ee55.jpg
b3d775e7,恶人组,美艳御姐反派x年下忠犬小狼狗,#B站小剧场#原创#古装#古风#古风视频#山海入梦来#短片#自制#黑化,"2c35834b,36603fd2,1393bc8b,bc3daa05,5218dc29,140af4db,a2e5a640","知竹zZ,锦超",http://i2.hdslb.com/bfs/archive/c6efb12d13af02062a6837ea22562d93e56950c4.jpg
30d52d3d,黄雀在后,呆萌树妖x腹黑道士,#B站小剧场·夏日狂欢季#兰蔻小黑瓶发光眼霜#古装#古风#影视#影视剪辑#我在B站拍短剧#护肤#时尚#电视剧剪辑#眼部护肤#致闪闪发光的夜,"f3b5e00b,b5d8b630,7fea7a72","孝太,庄翰_Roya",https://i2.hdslb.com/bfs/archive/2b27d16726a7439373314d931f562e0ee1844e65.jpg
b2c7cda5,你嗑的CP是真的,高冷顶流女明星x傻白甜女团爱豆 娱乐圈小甜饼 假戏真做,,"27db1da8,d970052a,7268c6b8",芝月,https://i2.hdslb.com/bfs/archive/1dfdf0043649f2d6d137434c3a21e0e6fd0b3744.jpg
3f3f6f52,我的be小说男友,网文写手x小说男主,#B站小剧场#kono#KONO#你的随享沙龙#其他剧情#剧情#剧情演绎#原创#古风#影视#影视剪辑#我在B站拍短剧#我在B站拍短剧·夏日剧场#电视剧剪辑#秋日暴击,"6be65c67,43ed33e8,368fdd28","KONO洗护精选,锦超",http://i1.hdslb.com/bfs/archive/5994ab9fdffb8369922f2273127527c8a59fb985.jpg
de0bc64e,双夏脑洞大开,圻夏夏x夏弃疾(下乡版),#ai奇特妆造的反差感谁懂啊#AI奇特妆造的反差感谁懂啊#B站小剧场#B站小剧场6.0#B站小剧场·夏日狂欢季#cosplay#二次元#二次元衍生#仿妆#即梦AI#即梦ai#即梦ai奇特妆造#即梦AI奇特妆造#原创#哈莉奎茵#女性#小丑女#怪诞美学#我在B站拍短剧#抖音青年艺术家计划#摄影#摄影写真#日常vlog#核污染#核污染水排海计划#核污水#氛围感#水下摄影#汉服#环境保护#生活记录#短片#自由点益生菌#自由点益生菌卫生巾#艺术在抖音#谷围南亭#超级英雄#随拍,"93a6e9b8,5c499e7d,6c8d9050,3ffd0a88,d48d390f,2b579a08,48f9f084,1fea0270,55c77305",夏弃疾(下乡版),
4e1560c3,鲛,纯情鲛人x傲娇人族,#B站小剧场#TF白麝香枕边白昼礼盒#TF白麝香香水#TF礼物#原创#古风#自制,"61ee2b02,75311ee2",锦超,http://i1.hdslb.com/bfs/archive/5c65b1604763f6343d5951de0c675ff2f17e87c4.jpg
0ca87504,答案之书红色芍药篇,小狼崽弟弟x美艳钓系姐姐,#B站小剧场#CP#原创#爱情#短片#自制,"51f1ae62,80f3f79a,74cec809,57cd321d,db837639",锦超,http://i2.hdslb.com/bfs/archive/851d1ac5091783bcfa328876b81d08dd586520c3.jpg
e220e294,母爱变质养成系【YSL】,永生洒脱女长老x心机年下小奶狗,#B站小剧场#B站小剧场2.0#B站小剧场·新春篇#ysl1966#ysl302#ysl圣诞猎金派对#ysl情人节#二次元#二次元衍生#剧情#剧情演绎#古风#帅哥#影视#影视剪辑#情人节礼物#汉服#甜#电视剧剪辑#短片#预告#颜值,"2ea2daa0,708561be,2eb19388,c9512334,e19e8b4e,a3bebe1d,35da89c0,65dcf497,1a38e4e2",锦超,http://i2.hdslb.com/bfs/archive/3b9c55fa0d2471f764fa4337eafaa28ed866926f.jpg
bc3ec537,替身文学,病娇阴鸷王爷x雪山圣女,#B站小剧场#二次元#二次元衍生#人物随拍#其他剧情#剧情#剧情演绎#原创#古装#古风#古风视频#多人随拍#影视#影视剪辑#梦幻西游手游周年庆#汉服#电视剧剪辑#短片#随拍,"2fff955b,8e533f0f,a7472190,c23d3c9a,2f164545,2a14f666,f079b547,14b0b61b,4e6e6dec",锦超,http://i2.hdslb.com/bfs/archive/0e112bb72fbfdea2d8a9731d1b6d007fbfc37a35.jpg
c35f465a,浮华梦,这是一部以民国为背景的短剧，巧妙融合乙女游戏、时空穿越与现实世界设定，展开了一场跨次元的双向救赎与情感觉醒之旅。剧中，一家游戏公司开发了多支线、可自由选择的 ARPG 乙女游戏。身为总裁的孟麟怀着偏见试玩，不料意外穿越进游戏，化为顾家老爷的新婚三姨太白梦霖（圻夏夏 饰）。为了尽快结束测试，她必须助力女主顾月（芝月 饰）完成结婚任务。途中，原本冷硬的态度逐渐软化，与顾月互生情愫，两人在虚拟世界中相互救赎，共同成长,#快手星芒短剧#浮华梦#浮华梦定档0816#短剧浮华梦,"970ff7c9,35190203,0459701f,508838fc,902ba38e,851627a3,32e8cfad,12a5f7ee,f10740ac,3c7bec71,bcc17be8,0b147d6e,1883385e,0b7ce182,8c235da1,1a4bdd77,4728c949,6c642cde,b070f2b4,d73563fb,adb91050,af4d6841,605a075b,769fa9a4,08ca81f7,459fd93f,4386b3c1,0bf315e7,51af0a76,ddeb2af7,15aca4d4",芝月,http://i2.hdslb.com/bfs/archive/945f41f6f43c7cb08327827ff37700c19e828e79.jpg
3b27f079,浮华梦物料,浮华梦物料,#乙女#其他剧情#剧情#剧情向#剧情演绎#剪辑#原创#幕后花絮#影视剪辑#打戏#旗袍#日常vlog#游戏#演员#爱情#生活记录#电视剧#短剧浮华梦#穿越#纸片人#练习#脑洞#随拍#预告片,"8ca4c84f,5a1a7fca,9e4eea9f,d6641882,ba0620e4,0a699691,775930c5,4baee804,eb00c296,8099f282,e6cec145,785f3dd6,fd47b09e,83e626eb",,http://i2.hdslb.com/bfs/archive/e3a29b17e09d2d6a6e92ac4d0b9f066f94a58c9a.jpg
a7b7b3b8,月白之时,现代玄幻网络短剧。讲述了千年前，水族圣物“月光宝石”与泱海之主神汐一同消失，水族圣女时月（杨馥羽 饰）踏入人类世界寻找它。在人界，她遇到了海洋馆馆长林白语（圻夏夏 饰）与明恋林白语的安氏集团继承人安叙光（洋洋 饰）。在复杂的三角关系与重重波折下，三人最终联手找到月光宝石，成功净化海洋环境,#月白之时,"fb618a26,bf4e974c,0ae5f020,ab1af330,73b3266c,cff6d877,e61d0b68,07934027,0a5f0a96,4026678f,cfb95173,7666bb81,f8673ab8,d75f20fb,0fbe2ed0,85d824b3,a2071d9d,4395e703",杨馥羽,
c1655b76,长公主在上,传闻中骄奢放荡、操控朝政、令人敬而远之的长公主李云贞（圻夏夏 饰），一直被视为奸邪贪腐之人；皇帝派出侍卫顾玄清（锦超 饰）潜入公主府卧底，试图搜集她的罪证。然而，在相处过程中，顾玄清反而看见了长公主隐藏的善良。二人之间，在调查真相与情感纠葛间，展开了一段充满变数的情感拉扯。,#2023光合创作者大会#东栏雪#快手星芒短剧#快手星芒短剧寒假档#快手短剧寒假档#星芒短剧寒假档#热爱让收获更多#老铁说#长公主在上#长公主在上全员戏精,"dc3370da,3ee4e839,bf9d9824,ac1e4b3e,c0cfcfa2,1c9c6717,9fead6d7,bd68315a,a082105a,2e8004f4,f476f454,96c5824d,6b45e700,29fa9979,13cc9519,18faa27b,6c72762e,832de9b6,428737bf,cf3fa2a9,d4f799bb,5bb4f318,30f281d0,fe4317f8,4188d1ea,038fb089,cd832715,052854e0,16fab733,3cc43cbb,654b4f6b,0b2ec407,7e23e4b0,3d91cf57,c4f0ad05","我不是肚子,玖柯9k,知竹zZ,秋陌Cheyenne,芝月,锦超",http://i2.hdslb.com/bfs/archive/c982bca65a204090440eedeeebcc65e16757730c.jpg
a4d2e267,长公主在上物料,长公主在上物料,#B站小剧场#B站小剧场·新春篇#GB#UP影剧综指南#UP影剧综指南·剧好看#伤洛#原创#古装#古风#女A男O#广播剧#影视#影视剪辑#新春宅家追剧攻略#明星八卦#春节影视好看指南#片场演绎#猫耳FM#王宁#电视剧剪辑#盲盒剧场#知竹#短剧#短片#长公主在上#长公主在上全员戏精,"23211bf5,58f81ae0,c0eb57fb,37019dfc,f41f1e11,ff84edf1,57112751,81bd0660,dadcf474,989a52c9,b4b92e6f,543c491c,07ecbed5",锦超,
bf775920,出马物料,短剧出马物料,#出马剧组#家具家电#居家#影视#影视剪辑#德佑净化三步曲#德佑湿厕纸#明星八卦#明星随拍资讯#横店大雨#民俗#片场演绎#猎奇好物#电影剪辑#电视剧剪辑#端午节安康#苑琼丹石榴姐#锦超圻夏夏,"d188054c,26adb850,d7ade775,05eb253a,e06ffb91,8790db12,cba46862,ac6a384e,bea6bf97,0dd6a743,69a6df48,90ec301d,59bb81f6,c69fa95a,b59f8880,5fa19ca9,e4533dfa,fe4c71aa,fadd1111,fe7d51f1,385d6cb5,24c042fe,a640d3f3,62499ad6,4e6fa564,249e1080,4211d9bf,dd43897b,9d85562b","圻夏夏唉,苑琼丹,锦超",
6023c486,盛世天下物料,一款融合高规格实拍与深度剧情代入的宫廷互动影游作品。由New One Studio（即原作《隐形守护者》的团队）倾力打造。从后宫新人扮演“棋子”起步，在上百条剧情分支中选择生存之道，步步为营，终至主宰命运成为女皇,#NewOneStudio#互动影游#互动影游盛世天下首曝#互动影视作品#影视#影视资讯#林小宅#盛世天下#盛世天下定档9月#盛世天下韦贵妃#盛世天下首曝#胡亦瑶#黄羿,"7be1d43e,a377f94c,ded01b83,7754c388,09d7d84d,87fdc6fd","圣微,知竹zZ",
0b5d4a39,东栏雪,"古装微短剧,掌事宫女沈颜（圻夏夏 饰）与不受宠的七皇子褚宁远（锦超 饰）,在复仇路上的互相辅佐与情感救赎。在冰冷世界中,两颗心逐渐走近",#东栏雪#快手星芒短剧#短剧东栏雪#长公主在上,"3d91cf57,a26fe359,fed9bb66,af79e3b9,67b50152,0eb8c96c,4bb6ee3c,41b0d034,1d8127e3,164261e2,611f4202,33e237bb,6177e77c,ff2541e5,e5166dae,6fa6d794,e553f946,5eeeb29f,94800412,8c211108,e5f62f4a,2d23319f,627a5fa6,b0229e7e,6cca5df0,fa4e39e3,bf7e8b57,202791c7,452d5e0d,5ef5fe6e,8acee2da,60ee88ee,bf2da7a0,3d360296","知竹zZ,芝月,锦超",
d4936bfa,东栏雪物料,东栏雪物料,#B站小剧场#东栏雪#影视#影视剪辑#影视资讯#我嗑的CP最最最甜#我在B站拍短剧#星动安利大作战·春日篇#春日星光剧场#电视剧剪辑#短剧#短剧东栏雪#短剧东栏雪开播,"2685b535,61d87282,b9759790,85db6ce1,cd870544,d533b8ec,aacd2a4d,5ca1a845,891c2198,57ee9d07,87379331,b94294f5,b2612d45,0a0904d5","芝月,锦超",
