work_id,title,author,desc,co_operators,tags,share_url,link_list
78c5615b,1. <<从一开始我想偷的…就只有你的心啊。>>,圻夏夏,,锦超,#剧情#剧情演绎#古风#我在B站拍短剧,https://www.douyin.com/video/7216896081903242507,"2f4ccabb,bdc032b3,39bf3367,56e32527"
e6e9dbeb,"2. <<【圻夏夏*锦超｜偷心盗贼】你在这,我又能逃去哪呢？>>",圻夏夏,,,#B站小剧场#人人都能聊影视5.0#古装,https://www.bilibili.com/video/BV1jbZbYfEQc,"f4a96dc1,cf6243a9,a54aa150"
f3b5e00b,"1. <<既然你于我有救命之恩,那不如你以身相许。>>",圻夏夏,,,#B站小剧场·夏日狂欢季#兰蔻小黑瓶发光眼霜#影视#影视剪辑#我在B站拍短剧#电视剧剪辑#致闪闪发光的夜,https://www.douyin.com/video/7283110088489962791,"b8dc1ac4,dd72c1ac,65545cbd,da2f86cc"
b5d8b630,"2. <<梦什么没什么,怕什么来什么！老天爷你干嘛要为难我这棵手无缚鸡之力的小树啊！>>",圻夏夏,,,#兰蔻小黑瓶发光眼霜#古风#护肤#时尚#眼部护肤,https://www.douyin.com/video/7336854382077676841,"59138feb,b1cbb97e,cde0c6f1"
7fea7a72,"3. <<甜言蜜语是表达爱意的有效捷径,实际行动是展示内心的正确方法！>>",圻夏夏,,,#兰蔻小黑瓶发光眼霜#古装#护肤#时尚#眼部护肤,https://www.douyin.com/video/7336929033143323915,"f5044eeb,a9566914,c648f5df"
27db1da8,"1. <<《你嗑的CP是真的》 娱乐圈小甜饼,高冷女顶流 x 傻白甜爱豆,片头的芒果味还算正吗哈哈哈~>>",知竹zZ,,芝月,,https://www.kuaishou.com/short-video/3xpffxj2y3dj63c,c36eac55
d970052a,"2. <<《你嗑的CP是真的》 娱乐圈小甜饼,高冷女顶流 x 傻白甜爱豆,假戏真做~>>",知竹zZ,,芝月,,https://www.kuaishou.com/short-video/3xhpdate9pr3k2i,42c09c3a
7268c6b8,"3. <<娱乐圈小甜饼,高冷女顶流 x 傻白甜爱豆,啊啊啊啊啊啊是社死现场~>>",知竹zZ,,芝月,,https://www.kuaishou.com/short-video/3xq8qmx63x8j7im,fa2d62af
6be65c67,"1. <<门口那个算命很准的老头说了,你和我是天造地设的一对…所以林然,你跑不掉的！>>",圻夏夏,,锦超,#B站小剧场#kono#你的随享沙龙#其他剧情#剧情#剧情演绎#原创#古风,https://www.douyin.com/video/7137552894730964232,"25611c6d,e52de9b1,dc45d498"
43ed33e8,2. <<我相信总有一天林然会亲口承认他喜欢我！>>,圻夏夏,,"KONO洗护精选,锦超",#B站小剧场#kono#KONO#你的随享沙龙#影视#影视剪辑#电视剧剪辑#秋日暴击,https://www.douyin.com/video/7156804626077977869,"f4b61076,624e8fd7,057136ca,cf4cb1a5"
368fdd28,3. <<【圻夏夏*锦超｜我的be小说男友(叁)】啊！真实诡计多端的…>>,圻夏夏,,,#我在B站拍短剧#我在B站拍短剧·夏日剧场,https://www.bilibili.com/video/BV1mu4y1o7Wr,"0c4989f,7a27154a,78f0b122,ad8dd669"
93a6e9b8,"1. <<救救我,不要丢下我。>>",圻夏夏,,夏弃疾(下乡版),#B站小剧场#B站小剧场·夏日狂欢季#摄影#核污染#核污染水排海计划#水下摄影#随拍,https://www.douyin.com/video/7281618427838483753,"22327b0b,340a280c,038b5e74,9ccdc2ca"
5c499e7d,"2. <<“腐烂的,发霉的,无人可怜的。” 手机花絮,拍完晚上就吃鱼了hh>>",夏弃疾（下乡版）,,,#怪诞美学#抖音青年艺术家计划#摄影#摄影写真#核污水#环境保护#艺术在抖音#随拍,https://www.douyin.com/video/7280487616850464040,138a9ba9
6c8d9050,"3. <<设定:污染后的末日来临,某反人类叛逃组织私自进行活体寄生实验。 实验室中,存活下来的最后一只被群体寄生的试验体,发生了变异…>>",圻夏夏,,夏弃疾(下乡版),#B站小剧场#B站小剧场6.0#二次元#二次元衍生#汉服,https://www.douyin.com/video/7285301934817283347,"46002ded,4524f9bd,0b5ecd6d,8efa7cfe"
3ffd0a88,4. <<虫女｜我吃下了一朵花。>>,圻夏夏,,,,https://www.xiaohongshu.com/explore/65099503000000001e02e906?xsec_token=ABoJTmx8QLNQiHmZ3lm8j4I9vQkDl0zAsOWDiavOsYgWE=&xsec_source=pc_search,201a7c53
d48d390f,"5. <<一场为月经污名化的平反。 没有不洁和污秽,愿大家坦然对待,勇破偏见。>>",圻夏夏,,夏弃疾(下乡版),#B站小剧场6.0#原创#女性#我在B站拍短剧#日常vlog#生活记录#短片#自由点益生菌#自由点益生菌卫生巾#随拍,https://www.douyin.com/video/7297634165053279551,"f1ccd21d,878956f8,860d58a9,161e2cee"
2b579a08,"6. <<“紫金现世,大 同 将至——我愿化作那道光——！” 是我爱的佛爷,是我心疼的小七。>>",夏弃疾（下乡版）,,,#cosplay#二次元#二次元衍生#仿妆#抖音青年艺术家计划#氛围感#艺术在抖音#谷围南亭,https://www.douyin.com/video/7303146158149406004,1e3a8646
48f9f084,"7. <<“我不是小丑女,我是哈莉奎茵。” 给我帅飞夏总>>",夏弃疾（下乡版）,,,#AI奇特妆造的反差感谁懂啊#ai奇特妆造的反差感谁懂啊#cosplay#二次元#二次元衍生#即梦ai#即梦AI#即梦ai奇特妆造#即梦AI奇特妆造,https://www.douyin.com/video/7431073387490970938,6284f6af
1fea0270,8. <<nice to meet ya！>>,圻夏夏唉,,,#cosplay#二次元#二次元衍生#哈莉奎茵,https://www.douyin.com/video/7432227693116017920,fdaa00d1
55c77305,9. <<小丑女下乡记！>>,圻夏夏唉,,,#cosplay#二次元#二次元衍生#小丑女#短片#超级英雄,https://www.douyin.com/video/7427092802191838498,"3cfbe8f3,2be13c84"
61ee2b02,1. <<【鲛｜壹】现在的人鱼都这么好骗吗？>>,圻夏夏,,,#B站小剧场#TF白麝香枕边白昼礼盒#TF白麝香香水#TF礼物#原创#古风,https://www.bilibili.com/video/BV1Dg411y7mZ,91d8dac4
75311ee2,"2. <<【鲛｜贰】骗你是我的情理之中,爱上你却在意料之外。>>",圻夏夏,,,#B站小剧场#古风#自制,https://www.bilibili.com/video/BV1GV4y1N7gj,c0b90b16
51f1ae62,1. <<【答案之书｜红色芍药篇】(预告一)姐姐太忙了怎么办？>>,圻夏夏,,,#B站小剧场#自制,https://www.bilibili.com/video/BV1CS4y1J7mV,b694a58b
80f3f79a,2. <<【答案之书｜红色芍药篇】(预告二)这个答案之书到底靠不靠谱啊？！>>,圻夏夏,,,#B站小剧场,https://www.bilibili.com/video/BV1vd4y1Q7qE,fd284d1e
74cec809,3. <<【答案之书｜红色芍药篇(一)】怎么办？我被困在了梦里！！>>,圻夏夏,,,#B站小剧场#原创#短片,https://www.bilibili.com/video/BV1eS4y177Fs,7737cdeb
57cd321d,"4. <<【答案之书｜红色芍药篇(二)】试问,有谁能拒绝直球弟弟的表白呢？！>>",圻夏夏,,,#B站小剧场#CP#短片#自制,https://www.bilibili.com/video/BV1ka411M7ZQ,dc1751bc
db837639,5. <<【答案之书｜红色芍药篇(三)】喜欢有那么难说出口吗？>>,圻夏夏,,,#B站小剧场#爱情,https://www.bilibili.com/video/BV1SS4y147mr,516f8d94
2ea2daa0,"1. <<【圣诞特辑｜YSL】所以说啊,男朋友还得是自己养大的才比较乖～>>",圻夏夏,,,#B站小剧场#ysl302#ysl圣诞猎金派对#古风,https://www.bilibili.com/video/BV1tg411A7zL,e6917dc7
708561be,2. <<【情人节特辑｜ysl】契约印记为何突然消失？新人物—大长老出现！>>,圻夏夏,,,#B站小剧场#B站小剧场·新春篇#ysl1966#ysl情人节#古风#情人节礼物,https://www.bilibili.com/video/BV1UL4y147Jv,f4b8eb4d
2eb19388,3. <<【YSL｜失魂果】如何跟女朋友道歉？教学速进！>>,圻夏夏,,,#B站小剧场#B站小剧场2.0#古风#短片,https://www.bilibili.com/video/BV1Fa411a7t4,ac20c0b9
c9512334,4. <<【YSL｜偷师】口嫌体正是什么意思？本集详细解释。>>,圻夏夏,,,#B站小剧场#B站小剧场2.0#古风#短片,https://www.bilibili.com/video/BV1HU4y1U7SQ,a1fa4e09
e19e8b4e,5. <<【圻夏夏*锦超】(ysl番外1)做事情不可以三心二意哦～>>,圻夏夏,,,#短片,https://www.bilibili.com/video/BV1df4y1K7hm,c5416a02
a3bebe1d,"6. <<【圻夏夏*锦超】(ysl番外2)感觉他好像生气了,可他为什么要生气啊！！>>",圻夏夏,,,#B站小剧场#古风#影视#影视剪辑#电视剧剪辑#短片,https://www.bilibili.com/video/BV1Jb4y1q7nH,"4e5af458,52a1ced4,6f79afe8"
35da89c0,"7. <<【圻夏夏】(ysl番外3)你这是要打架的意思吗,老东西？>>",圻夏夏,,,#B站小剧场#二次元#二次元衍生#汉服,https://www.bilibili.com/video/BV1yY4y1H7E7,"7f351845,45466ede,2461eba0"
65dcf497,"8. <<【圻夏夏｜锦超】(ysl番外4)雪糕是什么味道我不记得了,就觉得挺甜的。>>",圻夏夏,,,#B站小剧场#B站小剧场2.0#剧情#剧情演绎#古风#甜,https://www.bilibili.com/video/BV1oY4y1h7cR,"f634caa8,5d8a4d80"
1a38e4e2,"9. <<【圻夏夏｜锦超】(ysl预告番外5)夕阳里藏着爱意,如果可以的话,在春天见一面吧。>>",圻夏夏,,,#B站小剧场#B站小剧场2.0#帅哥#预告#颜值,https://www.bilibili.com/video/BV1c34y1e7jH,"decd5b44,66b56830,5d50c616"
2fff955b,"1. <<【圻夏夏】(预告)你不要再等了…花开花落自有定数,人去人留皆是命数。>>",圻夏夏,,,#古风,https://www.bilibili.com/video/BV1pR4y1p7hZ,6e235b36
8e533f0f,"2. <<【圻夏夏*锦超】(替身文学)原来只是,像她…而已吗>>",圻夏夏,,,#古风#短片,https://www.bilibili.com/video/BV1nh411872a,ad6d57af
a7472190,"3. <<【圻夏夏*锦超】(替身文学)终于,找到你了。>>",圻夏夏,,,#二次元#二次元衍生#古风#古风视频#汉服#短片,https://www.bilibili.com/video/BV1sv411T79i,"806983df,9cd35342,eb45d53e,f3780e07"
c23d3c9a,"4. <<【圻夏夏*锦超】(替身文学)原来所谓相爱,从一开始便是错觉。>>",圻夏夏,,,#古风#古风视频#影视#影视剪辑#电视剧剪辑#短片,https://www.bilibili.com/video/BV1FP4y1j7Qx,"d49c734e,35061e4e,0c117e7e,d9d3d39c"
2f164545,"5. <<【圻夏夏*锦超】(替身文学)现在想来,过去的偏爱皆是为她,于我而言不过是一场笑话。>>",圻夏夏,,,#人物随拍#古风#古风视频#多人随拍#短片#随拍,https://www.bilibili.com/video/BV1Qq4y1z7Ae,"fd2f4ab9,ad647315,003ace99,8d226b73"
2a14f666,6. <<【圻夏夏*锦超】(替身文学)真是可笑啊…我竟然还以为能有一瞬间你爱的是我。>>,圻夏夏,,,#古风#影视#影视剪辑#电视剧剪辑#短片,https://www.bilibili.com/video/BV1Er4y1X7Jc,"84230b89,6c1fef80,5ed2c49d"
f079b547,"7. <<【圻夏夏*锦超】(替身文学)许是从一开始,在花树下遇见的那刻起,便都错了…>>",圻夏夏,,,#B站小剧场#二次元#二次元衍生#原创#古风#汉服,https://www.bilibili.com/video/BV14Z4y1X7ko,"989fd0f9,16486f4a,2db85740,66d1acb9"
14b0b61b,"8. <<【圻夏夏*锦超】(替身文学)只要你有心,我就能得到。>>",圻夏夏,,,#二次元#二次元衍生#古风#汉服#短片,https://www.bilibili.com/video/BV19F411i7MJ,"c1253c0b,5371b88b,09eecf57,fd96a2bb"
4e6e6dec,"9. <<【圻夏夏｜锦超】(替身文学)原来我学不会的,是她不爱你的样子。>>",圻夏夏,,,#B站小剧场#其他剧情#剧情#剧情演绎#古装#梦幻西游手游周年庆,https://www.bilibili.com/video/BV1B34y147Eh,"bd1ee345,4f116e8d,045f7402"
2fff955b,"1. <<【圻夏夏】(预告)你不要再等了…花开花落自有定数,人去人留皆是命数。>>",圻夏夏,,,#古风,https://www.bilibili.com/video/BV1pR4y1p7hZ,6e235b36
8e533f0f,"2. <<【圻夏夏*锦超】(替身文学)原来只是,像她…而已吗>>",圻夏夏,,,#古风#短片,https://www.bilibili.com/video/BV1nh411872a,ad6d57af
a7472190,"3. <<【圻夏夏*锦超】(替身文学)终于,找到你了。>>",圻夏夏,,,#二次元#二次元衍生#古风#古风视频#汉服#短片,https://www.bilibili.com/video/BV1sv411T79i,"806983df,9cd35342,eb45d53e,f3780e07"
c23d3c9a,"4. <<【圻夏夏*锦超】(替身文学)原来所谓相爱,从一开始便是错觉。>>",圻夏夏,,,#古风#古风视频#影视#影视剪辑#电视剧剪辑#短片,https://www.bilibili.com/video/BV1FP4y1j7Qx,"d49c734e,35061e4e,0c117e7e,d9d3d39c"
2f164545,"5. <<【圻夏夏*锦超】(替身文学)现在想来,过去的偏爱皆是为她,于我而言不过是一场笑话。>>",圻夏夏,,,#人物随拍#古风#古风视频#多人随拍#短片#随拍,https://www.bilibili.com/video/BV1Qq4y1z7Ae,"fd2f4ab9,ad647315,003ace99,8d226b73"
2a14f666,6. <<【圻夏夏*锦超】(替身文学)真是可笑啊…我竟然还以为能有一瞬间你爱的是我。>>,圻夏夏,,,#古风#影视#影视剪辑#电视剧剪辑#短片,https://www.bilibili.com/video/BV1Er4y1X7Jc,"84230b89,6c1fef80,5ed2c49d"
f079b547,"7. <<【圻夏夏*锦超】(替身文学)许是从一开始,在花树下遇见的那刻起,便都错了…>>",圻夏夏,,,#B站小剧场#二次元#二次元衍生#原创#古风#汉服,https://www.bilibili.com/video/BV14Z4y1X7ko,"989fd0f9,16486f4a,2db85740,66d1acb9"
14b0b61b,"8. <<【圻夏夏*锦超】(替身文学)只要你有心,我就能得到。>>",圻夏夏,,,#二次元#二次元衍生#古风#汉服#短片,https://www.bilibili.com/video/BV19F411i7MJ,"c1253c0b,5371b88b,09eecf57,fd96a2bb"
4e6e6dec,"9. <<【圻夏夏｜锦超】(替身文学)原来我学不会的,是她不爱你的样子。>>",圻夏夏,,,#B站小剧场#其他剧情#剧情#剧情演绎#古装#梦幻西游手游周年庆,https://www.bilibili.com/video/BV1B34y147Eh,"bd1ee345,4f116e8d,045f7402"
970ff7c9,"1. <<紧握她的手,共赴乱世风雨。>>",圻夏夏,,,#浮华梦#浮华梦定档0816,https://www.kuaishou.com/short-video/3x7jxygmg63bzxs,746c47ae
35190203,"2. <<什么破老板,让你瞧不起纸片人的力量是吧？好好享受我为你定制的这场游戏吧～>>",圻夏夏,,,#快手星芒短剧#浮华梦,https://www.kuaishou.com/short-video/3xnbp5kq46ecqzq,02ace75f
0459701f,"3. <<想洞房花烛是吧？来,你先看看我的拳头它硬不硬？>>",圻夏夏,,,#快手星芒短剧#浮华梦,https://www.kuaishou.com/short-video/3xjiqcwkk9nysfk,e410a222
508838fc,4. <<一个恋爱游戏还有外挂？>>,圻夏夏,,,#快手星芒短剧#浮华梦,https://www.kuaishou.com/short-video/3xfj86cg5zmkxyw,f4ca980a
902ba38e,"5. <<男嘉宾一号登场,狗血三角恋开始了？>>",圻夏夏,,,#快手星芒短剧#浮华梦,https://www.kuaishou.com/short-video/3xch7mjj84ie7ds,517cc40a
851627a3,"6. <<就算是一场梦,就算未来不再相见,这一世,我只想守护好你>>",圻夏夏,,芝月,#短剧浮华梦,https://www.kuaishou.com/short-video/3xv4e4pc92eiqyg,55545a59
32e8cfad,"7. <<到底是大灰狼装小白兔,还是小白兔装大灰狼？>>",圻夏夏,,,#快手星芒短剧#浮华梦,https://www.kuaishou.com/short-video/3xzatutvcy7ddb2,39e605ba
12a5f7ee,"8. <<有人一开始口口声声说这只是一场游戏,结果怎么暗中处处留心🫣>>",圻夏夏,,,#短剧浮华梦,https://www.kuaishou.com/short-video/3xfeur7ttqf349y,a2d95d18
f10740ac,9. <<威胁我？！我忍！！我不跟你游戏人物较劲！！一切为了通关！！>>,圻夏夏,,,#快手星芒短剧#浮华梦,https://www.kuaishou.com/short-video/3xiday7epnqixbe,c369d201
3c7bec71,10. <<…这就是恋爱脑吗？>>,圻夏夏,,,#快手星芒短剧#浮华梦,https://www.kuaishou.com/short-video/3xm8fpbn3uck3vi,75b33ce8
bcc17be8,11. <<如果攻略对象是个反派…你还会继续吗？>>,圻夏夏,,,#快手星芒短剧#浮华梦,https://www.kuaishou.com/short-video/3xe66bb4htswxcq,381301c0
0b147d6e,"12. <<男主是反派,女主脑子不正常,你们锁死吧,也好让我早点离开这个破游戏！>>",圻夏夏,,,#快手星芒短剧#浮华梦,https://www.kuaishou.com/short-video/3xt8n55m498gun6,de10a6b8
1883385e,13. <<第二个攻略对象终于出现！但剧情走向似乎有点不太对劲啊？>>,圻夏夏,,,#快手星芒短剧#浮华梦,https://www.kuaishou.com/short-video/3xsn63hdxeue6wq,bc023472
0b7ce182,"14. <<她不喜欢他？！咳,我早猜到了！>>",圻夏夏,,,#快手星芒短剧#浮华梦,https://www.kuaishou.com/short-video/3xeazzpdcn6wqk2,1c26afbd
8c235da1,"15. <<这攻略对象要么不来,要么一个接一个！！烦不烦啊！>>",圻夏夏,,,#快手星芒短剧#浮华梦,https://www.kuaishou.com/short-video/3x6a4du76spxqek,9c983bb0
1a4bdd77,16. <<开出游戏隐藏皮肤？她怎么穿什么都好看…>>,圻夏夏,,,#快手星芒短剧#浮华梦,https://www.kuaishou.com/short-video/3xcjrjwgeg8ivk2,1472f391
4728c949,17. <<这个程泽笙怎么怪怪的…看人瘆得慌>>,圻夏夏,,,#快手星芒短剧#浮华梦,https://www.kuaishou.com/short-video/3x22scjs5wdvsg2,682fcc3f
6c642cde,18. <<雄竞才是正确方向！>>,圻夏夏,,,#快手星芒短剧#浮华梦,https://www.kuaishou.com/short-video/3xfdwk8b8cmuass,635df798
b070f2b4,19. <<解锁新地图——温馨的家。>>,圻夏夏,,,#快手星芒短剧#浮华梦,https://www.kuaishou.com/short-video/3xm4a9v4qtrquzi,0d842f5e
d73563fb,"20. <<好险,好险…>>",圻夏夏,,,#快手星芒短剧#浮华梦,https://www.kuaishou.com/short-video/3xxcjra3r4qnjum,a28a8571
adb91050,21. <<他在跟我？表表…表白？！>>,圻夏夏,,,#快手星芒短剧#浮华梦,https://www.kuaishou.com/short-video/3xtkme32c63iwa6,a3a36560
af4d6841,"22. <<我知道,你一定会来。>>",圻夏夏,,,#快手星芒短剧#浮华梦,https://www.kuaishou.com/short-video/3xizjz2k47wr8ie,9d98f5b3
605a075b,"23. <<这个苦难总多降临的世道不可能一帆风顺,但此刻永远美好。>>",圻夏夏,,,#快手星芒短剧#浮华梦,https://www.kuaishou.com/short-video/3xe4mkxknumpxck,f9b1aa5d
769fa9a4,"24. <<“她点亮了我的火把之后离去,我便用她留下的火种燃起蜡烛。”—顾月>>",圻夏夏,,,#快手星芒短剧#浮华梦,https://www.kuaishou.com/short-video/3x4ezhd87z8qnra,61fb21ef
08ca81f7,"25. <<“我的蜡烛,灭了” “还有我”>>",圻夏夏,,,#快手星芒短剧#浮华梦,https://www.kuaishou.com/short-video/3xsvzadbui5dqm6,5c4c2b38
459fd93f,"26. <<一场心知肚明的错付,一个人的偏向注定无疾而终。>>",圻夏夏,,,#快手星芒短剧#浮华梦,https://www.kuaishou.com/short-video/3xxrh75wh36t242,d81bdde8
4386b3c1,"27. <<“我想你在这个世界能幸福,哪怕没有我”>>",圻夏夏,,,#快手星芒短剧#浮华梦,https://www.kuaishou.com/short-video/3x9tahpgwysf2j9,6be1cc00
0bf315e7,"28. <<不说出口的爱,就可以视而不见、自欺欺人。>>",圻夏夏,,,#快手星芒短剧#浮华梦,https://www.kuaishou.com/short-video/3xukpz5kgcn6ygu,f6b69db4
51af0a76,"29. <<情之所至,假亦是真。 如果活着的机会只有一个,那么我死,你生。>>",圻夏夏,,,#快手星芒短剧#浮华梦,https://www.kuaishou.com/short-video/3xc4ivrixnruw3k,52956c15
ddeb2af7,"30. <<爱人错过,就真的错过了吗… 我知道,我不再是她。>>",圻夏夏,,,#快手星芒短剧#浮华梦,https://www.kuaishou.com/short-video/3x2ixpwy8z75r36,77a1c350
15aca4d4,"31. <<“能不能再见她一面,算我求你,周舟” 听到曾经不可一世略带鄙夷的男声变得柔软且小心翼翼,周舟停下敲击键盘的手,漫不经心地托着下巴,孟麟看不见面具之下扬起的得逞的笑。 “好,可你不再是白梦霖”>>",圻夏夏,,,#快手星芒短剧#浮华梦,https://www.kuaishou.com/short-video/3x6x8h29abds6ga,73ac61d8
8ca4c84f,1. <<【短剧浮华梦｜圻夏夏】放开我！！我才不要玩什么乙女游戏！！！>>,圻夏夏,,,#乙女#游戏#电视剧,https://www.bilibili.com/video/BV1xi421a7QN,9a78efba
5a1a7fca,"2. <<和纸片人谈恋爱的游戏,有什么好玩的…>>",圻夏夏,,,#短剧浮华梦,https://www.xiaohongshu.com/explore/66bc606d000000001e01ba55?xsec_token=ABoeZFhl7CMtbxZ9vJoggtFlrxcLa1uYwS3PVl_X8BANI=&xsec_source=pc_search,40dd8dfd
9e4eea9f,3. <<我一个大男人玩什么乙女游戏！！>>,圻夏夏,,,#短剧浮华梦,https://www.xiaohongshu.com/explore/66bc3589000000001e01f94e?xsec_token=ABoeZFhl7CMtbxZ9vJoggtFqbguZw_S_SIcZQT49NrrU0=&xsec_source=pc_search,6d62f5aa
d6641882,"4. <<【短剧浮华梦】这种和纸片人谈恋爱的破游戏,到底是谁在玩啊？>>",圻夏夏,,,#剧情向#穿越#脑洞,https://www.bilibili.com/video/BV1Hb42177br,d636e5cd
ba0620e4,"5. <<【浮华梦】看不起纸片人的力量,最终将被力量吞噬！>>",圻夏夏,,,#影视剪辑#旗袍#纸片人,https://www.bilibili.com/video/BV1YZ421N7HP,ec53ee2e
0a699691,"6. <<【短剧浮华梦｜预告2】你是虚拟的,但我的爱不是。>>",圻夏夏,,,#剧情向#原创#预告片,https://www.bilibili.com/video/BV19M4m1y7nK,70ae1673
775930c5,"7. <<(浮华梦预告)你是虚拟的,但我的爱不是。>>",圻夏夏,,,#短剧浮华梦,https://www.xiaohongshu.com/explore/66bec2690000000025033f76?xsec_token=ABbKtG2nSCF3XonZ1cg1CVJzYJf2mgnpySxZGlfUxJcfk=&xsec_source=pc_search,3790397d
4baee804,"8. <<(浮华梦)乙女游戏,不就是一堆真香数据而已>>",圻夏夏,,,#短剧浮华梦,https://www.xiaohongshu.com/explore/66bec2590000000025033dec?xsec_token=ABbKtG2nSCF3XonZ1cg1CVJxkZu9Ct8WhIp9U8QsyXN_0=&xsec_source=pc_search,58369e05
eb00c296,9. <<(浮华梦)前世今生版>>,圻夏夏,,,#剪辑#影视剪辑#爱情#短剧浮华梦,https://www.bilibili.com/video/BV1tGWDe3E9Q,"607edd12,2c490d0a"
8099f282,10. <<区区游戏！>>,圻夏夏唉,,,#其他剧情#剧情#剧情演绎#短剧浮华梦,https://www.douyin.com/video/7406287090062724363,ebe31544
e6cec145,"11. <<就算是一场梦,就算未来不再相见,这一世,我只想守护好你>>",圻夏夏唉,,,#其他剧情#剧情#剧情演绎#短剧浮华梦,https://www.douyin.com/video/7406286586545065255,7c30573c
785f3dd6,12. <<(浮华梦)口嫌体正之“我只是为了完成任务”>>,圻夏夏,,,#短剧浮华梦,https://www.xiaohongshu.com/explore/66cb04e4000000001d016a24?xsec_token=ABG6nVjvTpOZLltq3bPPEQLU76Y37ODE5nA4t5XUopPJk=&xsec_source=pc_search,e56ac480
fd47b09e,13. <<【浮华梦｜圻夏夏】一个打戏小训练！>>,圻夏夏,,,#打戏#演员#练习,https://www.bilibili.com/video/BV1GsHje7ED5,d57f287e
83e626eb,14. <<一个打戏小训练>>,圻夏夏唉,,,#幕后花絮#日常vlog#生活记录#短剧浮华梦#随拍,https://www.douyin.com/video/7408879182765215010,"13c53e3e,149606aa"
fb618a26,1. <<偶像、姐姐、讨厌鬼。>>,圻夏夏,,,#月白之时,https://www.kuaishou.com/short-video/3xaw7bzepbsip5e,311a3411
bf4e974c,2. <<美人鱼特工上岸！所以三个人的世界终究是太拥挤了吗？>>,圻夏夏,,,#月白之时,https://www.kuaishou.com/short-video/3xh3qpbx4kxewbe,86cf0824
0ae5f020,"3. <<三人行,必有电灯泡！>>",圻夏夏,,,#月白之时,https://www.kuaishou.com/short-video/3xebvudwiby75c6,a07b5cd4
ab1af330,"4. <<回不去的大海,还有尚未完成的责任。>>",圻夏夏,,,#月白之时,https://www.kuaishou.com/short-video/3xegu58sd4ui77y,0df49263
73b3266c,5. <<求助:怎么赶走这个电灯泡？安总在线等！>>,圻夏夏,,,#月白之时,https://www.kuaishou.com/short-video/3xxd8327acp7zwm,2425ac46
cff6d877,"6. <<别想了,我才是她的白月光！>>",圻夏夏,,,#月白之时,https://www.kuaishou.com/short-video/3xufpi3bb2gj38u,cdfaba25
e61d0b68,7. <<你才未成年！你们全家都未成年！！>>,圻夏夏,,,#月白之时,https://www.kuaishou.com/short-video/3xdznqgu8ey54m9,bca989fd
07934027,"8. <<我的好运,从遇见你那天就开始了。>>",圻夏夏,,,#月白之时,https://www.kuaishou.com/short-video/3xx4p4asg845pyi,150f5132
0a5f0a96,"9. <<他上辈子一定是茶叶吧,技能点这么高！>>",圻夏夏,,,#月白之时,https://www.kuaishou.com/short-video/3xe84xh2e3yaq9y,29bd2906
4026678f,"10. <<不用害怕,万事有我在你身后。>>",圻夏夏,,,#月白之时,https://www.kuaishou.com/short-video/3xucpm45dxhskgk,fe69341b
cfb95173,11. <<神女的身份还是藏不住了吗…>>,圻夏夏,,,#月白之时,https://www.kuaishou.com/short-video/3xxk7u82hu7n5ui,2f09194b
7666bb81,"12. <<对不起,让你有了希望又失望。>>",圻夏夏,,,#月白之时,https://www.kuaishou.com/short-video/3x3dn9raikibcde,4ea262fa
f8673ab8,"13. <<利欲熏心之人,必自咽苦果。>>",圻夏夏,,,#月白之时,https://www.kuaishou.com/short-video/3xefxm5u4dxyir6,b24ad7f8
d75f20fb,14. <<家人没谁懂啊！白语居然亲自来找我帮忙！(如果烦人精没跟来就更好了！)>>,圻夏夏,,,#月白之时,https://www.kuaishou.com/short-video/3xf4q82ih98pvrs,92137ede
0fbe2ed0,"15. <<只怪我自己有眼无珠,没看见你伪善面具之下的丑恶嘴脸。>>",圻夏夏,,,#月白之时,https://www.kuaishou.com/short-video/3xbp7dyi2wfpfiu,a26d4a7a
85d824b3,"16. <<她逃,他追,他们已插翅难飞？>>",圻夏夏,,,#月白之时,https://www.kuaishou.com/short-video/3xvwzbbrh6cgi86,b42e69e8
a2071d9d,"17. <<从变成人类的那刻起,我便已在等待这一刻的牺牲。>>",圻夏夏,,,#月白之时,https://www.kuaishou.com/short-video/3xxbrevgtueiayq,0c7a7f64
4395e703,18. <<自食恶果之时。>>,圻夏夏,,,#月白之时,https://www.kuaishou.com/short-video/3xvhcvie7tqif34,ccdb63d8
dc3370da,"1. <<短剧《长公主在上》定档2月5号,公主x侍卫的CP也太好嗑了吧,明天中午12点记得来看！ #>>",知竹zZ,,锦超,#快手星芒短剧#星芒短剧寒假档#长公主在上,https://www.kuaishou.com/short-video/3xxi6m55zgmzhaq,cb98c3a3
3ee4e839,"2. <<是啊,就不该轻易把心交出去。 (开播了大家赶紧去看,观看指路 )>>",圻夏夏,,知竹zZ,#长公主在上,https://www.kuaishou.com/short-video/3xkt4462xxdpmra,be65965b
bf9d9824,3. <<长公主选侍卫一定主要看脸吧~颜控实锤了哈哈哈！>>,知竹zZ,,锦超,#快手星芒短剧#快手短剧寒假档#长公主在上,https://www.kuaishou.com/short-video/3x4n2jfrnegucre,00579d2b
ac1e4b3e,"4. <<辛苦养大的弟弟居然派卧底过来！不过这卧底长得这般俊俏,就,勉为其难接受吧～>>",知竹zZ,,锦超,#快手星芒短剧#快手短剧寒假档#长公主在上,https://www.kuaishou.com/short-video/3xdujjackadwyk6,32426b0a
c0cfcfa2,"5. <<接到任务卧底进公主府,结果,怎么好像是羊入虎口？？>>",知竹zZ,,锦超,#快手星芒短剧#快手短剧寒假档#长公主在上,https://www.kuaishou.com/short-video/3xirzaepde85n7g,2204dac5
1c9c6717,6. <<只有我们沈侍卫拿了认真宫斗的剧本哈哈哈！>>,知竹zZ,,锦超,#快手星芒短剧#快手短剧寒假档#长公主在上,https://www.kuaishou.com/short-video/3xxftumsvhb35da,c2f70fe0
9fead6d7,7. <<公主:我就静静听你一本正经胡说八道呗~>>,知竹zZ,,锦超,#快手星芒短剧#快手短剧寒假档#长公主在上,https://www.kuaishou.com/short-video/3x8d7mpptizyfcw,9f9ce60a
bd68315a,"8. <<顾玄清一把推开了公主,并对皇上说,“这是另外的价钱。”>>",圻夏夏,,,#长公主在上,https://www.kuaishou.com/short-video/3xtqrc2vaaa46cy,db9f13f5
a082105a,"9. <<没想到我们顾侍卫,还是个呛口小辣椒哈~！>>",知竹zZ,,锦超,#快手星芒短剧#快手短剧寒假档#长公主在上,https://www.kuaishou.com/short-video/3xddm39kzku6434,bd8f1800
2e8004f4,"10. <<当你开始怜惜一个人的时候,就离沦陷不远了。>>",知竹zZ,,锦超,#快手星芒短剧#快手短剧寒假档#长公主在上,https://www.kuaishou.com/short-video/3xt8urvbuuyhexa,8c9b1189
f476f454,"11. <<小狗狗面对别人的时候都凶的不行,平时就软乎乎的~>>",知竹zZ,,锦超,#快手星芒短剧#快手短剧寒假档#长公主在上,https://www.kuaishou.com/short-video/3xdyifubymxxn5g,9370ab95
96c5824d,"12. <<是风动吗？不,是我心动。 (好喜欢这集啊！答应我一定要看完～)>>",知竹zZ,,锦超,#快手星芒短剧#快手短剧寒假档#长公主在上,https://www.kuaishou.com/short-video/3xdbfa6sq6e688s,2ae66bfe
6b45e700,13. <<顾侍卫上位成功~！大boss又开始搞事情了！>>,知竹zZ,,锦超,#快手星芒短剧#快手短剧寒假档#长公主在上,https://www.kuaishou.com/short-video/3xtg7f7gm6jaupi,a2a8f32d
29fa9979,"14. <<让你到处扶人,这下好了,公主好像不要你了QAQ>>",知竹zZ,,锦超,#快手星芒短剧#快手短剧寒假档#长公主在上,https://www.kuaishou.com/short-video/3x2igc3wvv26ck2,040aa112
13cc9519,"15. <<最先动心的那个人,注定是输家。>>",知竹zZ,,锦超,#快手星芒短剧#快手短剧寒假档#长公主在上,https://www.kuaishou.com/short-video/3xn2wk2hrhbyzec,73e1cbf7
18faa27b,"16. <<所以说,沈侍卫才是助攻小能手对吧？>>",知竹zZ,,,#快手星芒短剧#快手短剧寒假档#长公主在上,https://www.kuaishou.com/short-video/3xrxmqdbd8xzbx9,49cb7b01
6c72762e,17. <<你动心了。>>,圻夏夏,,,#长公主在上,https://www.kuaishou.com/short-video/3xsrjf5dq5jnsqm,49139416
832de9b6,"18. <<好了,顾侍卫后面终于要做正事啦！>>",知竹zZ,,锦超,#快手星芒短剧#快手短剧寒假档#长公主在上,https://www.kuaishou.com/short-video/3xmi3nd5dvu8kja,b9b5a1e7
428737bf,"19. <<完成任务是我的职责,但你……是我的私心。>>",知竹zZ,,锦超,#快手星芒短剧#快手短剧寒假档#长公主在上,https://www.kuaishou.com/short-video/3x6sbdt4xbjtife,16c23158
cf3fa2a9,"20. <<咱就是说,公主的气场也太强了,顾侍卫好惨,刚受了伤又要被罚了。>>",知竹zZ,,锦超,#快手星芒短剧#快手短剧寒假档#长公主在上,https://www.kuaishou.com/short-video/3xc686h9xv9pp5g,c9c40f4a
d4f799bb,"21. <<小虐怡情哈哈,让公主心疼一下,她才能意识到自己很在意小侍卫。>>",知竹zZ,,锦超,#快手星芒短剧#快手短剧寒假档#长公主在上,https://www.kuaishou.com/short-video/3xa9mvnuiqe9cx6,8a256fc2
5bb4f318,"22. <<“可怜巴巴的样子,本宫看着就心烦……怎么这么没用,被人欺负了也不知道还手。”>>",知竹zZ,,锦超,#快手星芒短剧#快手短剧寒假档#长公主在上,https://www.kuaishou.com/short-video/3xgbqi2ick7gbdc,9c543125
30f281d0,23. <<一个花絮>>,圻夏夏,,,#长公主在上,https://www.kuaishou.com/short-video/3xst4fdsnbt5fme,47a0e9c0
fe4317f8,"24. <<哪怕只有一刻的欢愉,哪怕从此万劫不复……属下,也心甘情愿就此沉沦。>>",知竹zZ,,锦超,#快手星芒短剧#快手短剧寒假档#长公主在上,https://www.kuaishou.com/short-video/3xggsg94dsbcusi,081e3f9e
4188d1ea,25. <<那你打算如何伺候我呀？>>,圻夏夏,,,#长公主在上#长公主在上全员戏精,https://www.kuaishou.com/short-video/3xx4cd4uztmbde6,5dc3f9d5
038fb089,"26. <<知道这一天会到来,只是没想到真到来的时候会这样痛。>>",知竹zZ,,锦超,#快手星芒短剧#快手短剧寒假档#长公主在上,https://www.kuaishou.com/short-video/3x92d6s2esndupc,a12b3048
cd832715,"27. <<骗你是真的,可是……对你也是真的。>>",知竹zZ,,锦超,#快手星芒短剧#快手短剧寒假档#长公主在上,https://www.kuaishou.com/short-video/3xbhqd9c9t3v5mw,2271fae3
052854e0,"28. <<公主:儿女情长什么的,只会影响我搞事业的速度……>>",知竹zZ,,锦超,#快手星芒短剧#快手短剧寒假档#长公主在上,https://www.kuaishou.com/short-video/3xaz4whurddsqcm,74a2126a
16fab733,"29. <<我计划好了一切,唯有你……是意料之外。>>",知竹zZ,,锦超,#快手星芒短剧#快手短剧寒假档#长公主在上,https://www.kuaishou.com/short-video/3x3qzty32eeub5q,3bf3e7e4
3cc43cbb,"30. <<螳螂捕蝉,黄雀在后,是稳坐钓鱼台的公主大人啊~！>>",知竹zZ,,锦超,#快手星芒短剧#快手短剧寒假档#长公主在上,https://www.kuaishou.com/short-video/3x734qqqek5pags,e7721835
654b4f6b,31. <<是腹黑大灰狼公主和她的傻白甜小白兔侍卫呀！>>,知竹zZ,,锦超,#快手星芒短剧#快手短剧寒假档#长公主在上,https://www.kuaishou.com/short-video/3xxkbmv99vy38mk,fa89f099
0b2ec407,"32. <<腹黑钓系公主和清纯小顾腻腻歪歪的日常,春天真好呀~！>>",知竹zZ,,锦超,#快手星芒短剧#快手短剧寒假档#长公主在上,https://www.kuaishou.com/short-video/3xgqdiib94zm7zw,368b8266
7e23e4b0,33. <<一些小可爱们的日常。 -3->>,知竹zZ,,"秋陌Cheyenne,玖柯9k,我不是肚子",#快手星芒短剧#快手星芒短剧寒假档#长公主在上,https://www.kuaishou.com/short-video/3xxx7j3hjv8486c,900f7979
3d91cf57,"34. <<不是光明的救赎,是从一个地狱到另一个地狱,但这地狱有你相伴,真好。>>",知竹zZ,,锦超,#东栏雪#快手星芒短剧#长公主在上,https://www.kuaishou.com/short-video/3xneqzymfx4f7yc,b493fdd0
c4f0ad05,"35. <<现在回想起《长公主在上》的拍摄过程依旧历历在目,那时候长公主脚下的地板是翘的,衣服是破的,但我们要拍好这部短剧的心是真的,我想这也是长公主受到那么多粉丝朋友喜爱的原因吧。>>",圻夏夏,,,#2023光合创作者大会#热爱让收获更多#老铁说,https://www.kuaishou.com/short-video/3xe9skhrne5hymk,d101b909
23211bf5,"1. <<【圻夏夏*锦超｜长公主在上】是啊,就不该轻易把心交出去。>>",圻夏夏,,,#B站小剧场·新春篇#古风#短片,https://www.bilibili.com/video/BV1tZ4y1o78u,03a31bcc
58f81ae0,2. <<骄奢淫逸长公主 x 失身又失心卧底侍卫 丨GB文学 短剧长公主在上>>,知竹zZ,,,#GB#原创#古风#女A男O#新春宅家追剧攻略#春节影视好看指南#短剧,https://www.bilibili.com/video/BV1UR4y1j74s,286978f4
c0eb57fb,"3. <<【圻夏夏*锦超｜长公主在上】顾玄清一把推开了公主,并对皇上说,“这是另外的价钱。”>>",圻夏夏,,,#B站小剧场·新春篇#古装,https://www.bilibili.com/video/BV1vY411L7tf,34905ee0
37019dfc,"4. <<顾玄清一把推开了公主,并对皇上说,“这是另外的价钱。”>>",圻夏夏,,锦超,#影视#影视剪辑#电视剧剪辑#长公主在上,https://www.douyin.com/video/7063752977772760327,3f77f94c
f41f1e11,"5. <<卧底小侍卫彻底丢盔弃甲,公主太会撩了！>>",知竹zZ,,,#长公主在上,https://www.xiaohongshu.com/explore/6210c14e000000000102adb0?xsec_token=ABk7mpZa_1IRvM86pRVZp2cCuSaWsPty_0u1n_FJi44vA=&xsec_source=pc_search,e09d4d4e
ff84edf1,6. <<【长公主在上】你动心了。>>,圻夏夏,,,#UP影剧综指南#UP影剧综指南·剧好看#古装,https://www.bilibili.com/video/BV1rq4y1x7Kq,4fd03f74
57112751,7. <<你动心了。>>,圻夏夏,,锦超,#影视#影视剪辑#电视剧剪辑#长公主在上,https://www.douyin.com/video/7068863874040122655,"7e27ea6e,d6650ab7"
81bd0660,"8. <<最先动心的人,注定是输家。丨GB文学 短剧长公主在上>>",知竹zZ,,,#B站小剧场#GB#古风#女A男O#短剧,https://www.bilibili.com/video/BV1Xa41187kw,ca93d191
dadcf474,"9. <<最先动心的人,注定是输家。>>",知竹zZ,,,#长公主在上,https://www.xiaohongshu.com/explore/621d9e3c000000002103cf53?xsec_token=ABjv25bbMUAbRRIgJ8n7TNEZY5dQxDdYavRRZdrQO6zJs=&xsec_source=pc_search,1810b770
989a52c9,10. <<水一段花絮～>>,圻夏夏唉,,,#明星八卦#片场演绎#长公主在上,https://www.douyin.com/video/7072657175910354187,2031c1f4
b4b92e6f,"11. <<那你打算,如何伺候我呀？>>",圻夏夏,,,#长公主在上,https://www.xiaohongshu.com/explore/622843430000000021035333?xsec_token=AB6JEiJpDnAyDzRsJzqAi-e5QbkrHclbhFenYcTT8X9Kc=&xsec_source=pc_search,ccd9f883
543c491c,12. <<我们专心点。>>,圻夏夏,,,#影视#影视剪辑#电视剧剪辑#长公主在上#长公主在上全员戏精,https://www.douyin.com/video/7072976964302212365,272e57bc
07ecbed5,13. <<【盲盒剧场·第六季】《长公主在上》广播剧PV>>,猫耳FM,,,#伤洛#广播剧#猫耳FM#王宁#盲盒剧场#知竹#长公主在上,https://www.bilibili.com/video/BV1RC4y1e75w,92fa1883
d188054c,"1. <<区区小妖！本大师出马,还能逮不到你了？！>>",圻夏夏,,,#家具家电#居家#德佑净化三步曲#德佑湿厕纸#猎奇好物,https://www.douyin.com/video/7240024084594117927,a69a0852
26adb850,"2. <<没错,这次在@《出马》剧组 我叫…翠花～>>",圻夏夏唉,,,#出马剧组#明星八卦#明星随拍资讯,https://www.douyin.com/video/7507987949305269563,9ca86805
d7ade775,3. <<开机官宣。当归药铺 马到成功 【装】神【弄】鬼 所向披靡>>,《出马》剧组,,锦超,#出马剧组#民俗#锦超圻夏夏,https://www.douyin.com/video/7507876072551451963,87fe2544
05eb253a,4. <<是谁在等小马哥呀>>,《出马》剧组,,锦超,#出马剧组#明星八卦#片场演绎,https://www.douyin.com/video/7509131870748200252,b10ad636
e06ffb91,5. <<小马哥来报 开机第六天了>>,《出马》剧组,,锦超,#出马剧组#明星八卦#民俗#片场演绎,https://www.douyin.com/video/7509039093293583673,dfc3e85c
8790db12,6. <<小马哥累成老马哥>>,《出马》剧组,,锦超,#出马剧组#明星八卦#片场演绎,https://www.douyin.com/video/7509485485157698875,ac29c71b
cba46862,7. <<小马哥报道 是谁在等我>>,《出马》剧组,,锦超,#出马剧组#影视#影视剪辑#横店大雨#电视剧剪辑,https://www.douyin.com/video/7509461132739480890,43f65f05
ac6a384e,8. <<醒来第一件事情>>,《出马》剧组,,锦超,#出马剧组#影视#影视剪辑#电视剧剪辑#锦超圻夏夏,https://www.douyin.com/video/7509832790561901881,0816d8e5
bea6bf97,9. <<我不累 我骗你的>>,《出马》剧组,,,#出马剧组#明星八卦#片场演绎#锦超圻夏夏,https://www.douyin.com/video/7509734539490004284,53e261e5
0dd6a743,10. <<刚收工>>,《出马》剧组,,,#出马剧组#影视#影视剪辑#电视剧剪辑#锦超圻夏夏,https://www.douyin.com/video/7509734383898070330,95c3f559
69a6df48,11. <<这个点没人了吧 小马哥溜走>>,《出马》剧组,,,#出马剧组#明星八卦#片场演绎#锦超圻夏夏,https://www.douyin.com/video/7510264798916693307,b0a752e3
90ec301d,12. <<小马哥抖抖>>,《出马》剧组,,,#出马剧组#影视#影视剪辑#电视剧剪辑#锦超圻夏夏,https://www.douyin.com/video/7510183331385576763,433a81b8
59bb81f6,13. <<端午安康>>,《出马》剧组,,,#出马剧组#明星八卦#片场演绎#端午节安康#锦超圻夏夏,https://www.douyin.com/video/7510581237275938108,7f35d0d9
c69fa95a,14. <<雪>>,《出马》剧组,,,#出马剧组#明星八卦#片场演绎#锦超圻夏夏,https://www.douyin.com/video/7510983284844465467,fcab9114
b59f8880,15. <<小朋友们大朋友们六一快乐 新服装出现>>,《出马》剧组,,锦超,#出马剧组#影视#影视剪辑#电视剧剪辑#锦超圻夏夏,https://www.douyin.com/video/7510894727143755068,37500c26
5fa19ca9,16. <<第十三天啦….>>,《出马》剧组,,,#出马剧组#明星八卦#片场演绎#锦超圻夏夏,https://www.douyin.com/video/7511698977176702265,4e5621f6
e4533dfa,17. <<拍摄仍在继续 准备放剧照了>>,《出马》剧组,,,#出马剧组#明星八卦#片场演绎#锦超圻夏夏,https://www.douyin.com/video/7511810978426965306,f1e400ba
fe4c71aa,18. <<大家都很累 大家都很快乐>>,《出马》剧组,,,#出马剧组#明星八卦#明星随拍资讯#锦超圻夏夏,https://www.douyin.com/video/7512824428134337851,c94f933f
fadd1111,19. <<来啦 来啦 剧组和你们的牛马驮着粮来啦>>,《出马》剧组,,,#出马剧组#明星八卦#片场演绎#锦超圻夏夏,https://www.douyin.com/video/7512815634486103353,"0608d7d9,62ee9fd3"
fe7d51f1,20. <<七星汇聚 斩妖除魔>>,《出马》剧组,,,#出马剧组#影视#影视剪辑#电视剧剪辑#锦超圻夏夏,https://www.douyin.com/video/7513889645139103036,0bb5ac8e
385d6cb5,21. <<加油>>,《出马》剧组,,,#出马剧组#影视#影视剪辑#电视剧剪辑#锦超圻夏夏,https://www.douyin.com/video/7514264478034611515,519c42be
24c042fe,"22. <<从开机到现在工作人员以及演员每天都为了完成作品每天工作20个小时,尽管制片组争取保证大家收工后有8个小时睡眠时间,但是个别各种比如场务、灯光、美术组还是因为工作的原因只能睡两到三个小时,演员们因为卸头套卸妆也几乎没有太多睡眠时间,但是大家在现场都没有怨言,最忙的时候甚至没有放饭时间,只能轮流吃饭,摄影指导和导演每天揣着速效救心丸和胃药在工作,化妆组每天也顶着黑眼圈在现场忙碌,一批一批的人累倒,一批一批的人离开,一批一批的人补上,大家见面的第一句话便是明天见,我们经历了月香阁,聚仙馆,明晰村,当归药铺,幽冥宗,百乐门,警察署,依旧艰难的追赶进度,力求完美,每个天明大家都疲惫离开现场,每个下午大家又如期而至,出马即将杀青,我们还在路上>>",《出马》剧组,,,#出马剧组#影视#影视剪辑#电视剧剪辑#锦超圻夏夏,https://www.douyin.com/video/7514106210788183354,bfccd3e8
a640d3f3,23. <<女艺人片场挨打 男朋友霸道护妻>>,《出马》剧组,,,#出马剧组#明星八卦#片场演绎#锦超圻夏夏,https://www.douyin.com/video/7514626698748874042,630515fd
62499ad6,24. <<石榴姐的加入让整个画风都变得有质感了>>,《出马》剧组,,,#出马剧组#影视#影视剪辑#电视剧剪辑#苑琼丹石榴姐#锦超圻夏夏,https://www.douyin.com/video/7514610814122659132,7011fb5e
4e6fa564,25. <<日常牛马>>,《出马》剧组,,,#出马剧组#影视#影视剪辑#电视剧剪辑#锦超圻夏夏,https://www.douyin.com/video/7514389244942994746,a3d766f1
249e1080,26. <<目前为止小马哥的私藏最爱>>,《出马》剧组,,,#出马剧组#明星八卦#明星随拍资讯#苑琼丹石榴姐#锦超圻夏夏,https://www.douyin.com/video/7515742495859887418,1c9a65f3
4211d9bf,27. <<杀青特辑1>>,《出马》剧组,,锦超,#出马剧组#影视#影视剪辑#电视剧剪辑#锦超圻夏夏,https://www.douyin.com/video/7517811635680038202,42dca7cb
dd43897b,28. <<导演版片花>>,《出马》剧组,,"锦超,苑琼丹",#出马剧组#影视#影视剪辑#电影剪辑,https://www.douyin.com/video/7521726384851438867,887cd499
9d85562b,29. <<好久不见。想要好好睡一觉 总说忙完这一阵子 可是这一阵子又下一阵子>>,《出马》剧组,,"圻夏夏唉,锦超",#出马剧组,https://www.douyin.com/video/7537435968384044347,74133727
7be1d43e,1. <<哦、我的小狗>>,圻夏夏,,,#盛世天下,https://www.bilibili.com/video/BV1frKdzWE1S,3483c211
a377f94c,2. <<谁能不爱小狗！？。>>,圻夏夏唉,,,#互动影视作品#影视#影视资讯#盛世天下首曝,https://www.douyin.com/video/7520107010840268092,ff85c56d
ded01b83,"3. <<不心动挑战击败0人,你也来试试吧？！>>",盛世天下,,圣微,#NewOneStudio#互动影游盛世天下首曝#林小宅#盛世天下#胡亦瑶#黄羿,https://www.xiaohongshu.com/explore/68764f0000000000170372ea?xsec_token=AB8PY8s5nes2aO1RpAhPRHDfwqrptpjghsUswz-VeVCvU=&xsec_source=pc_search,95b66ca7
7754c388,4. <<谁人都不及贵妃娘娘凤仪万千~>>,盛世天下,,,#NewOneStudio#盛世天下#盛世天下定档9月#盛世天下韦贵妃,https://www.xiaohongshu.com/explore/689c69a6000000001d01a51a?xsec_token=ABTlt_TkvtlZhf2hXPDNkka3ZVcG2mcxP7D-6ZUG3yJO0=&xsec_source=pc_search,41ed940a
09d7d84d,5. <<做我的小狗！>>,圻夏夏,,,#互动影游#盛世天下,https://www.kuaishou.com/short-video/3xf89kv6zskxhxc,762a0766
87fdc6fd,"6. <<她是牡丹园养护达人,是割舌大师,是这后宫中艳压群芳的人间富贵花【韦贵妃】！ 娇艳是她的利刃,跋扈是她的铠甲。她深谙这场生存游戏的规则,权力才是安身立命之本！ 主子大人,您初入宫闱,请牢记宫廷生存法则第一条:别惹贵妃~>>",盛世天下,,,#盛世天下#盛世天下定档9月,https://www.kuaishou.com/short-video/3x66mcb2kcxes7q,68c854b8
3d91cf57,"1. <<不是光明的救赎,是从一个地狱到另一个地狱,但这地狱有你相伴,真好。>>",知竹zZ,,锦超,#东栏雪#快手星芒短剧#长公主在上,https://www.kuaishou.com/short-video/3xneqzymfx4f7yc,b493fdd0
a26fe359,"2. <<短剧《东栏雪》今日开播～前三天连更,之后每周三、五、日18:00更新。 这次是心狠手辣双强组合,铁石心肠狠毒宫女x 虽然很强但恋爱脑的皇子哈哈哈哈哈,尝试一下不同的GB人设,是你不爱我但我非要勉强,是强者俯首称臣,只为博取女主一丝丝的心软,就真的很爱吧！>>",知竹zZ,,锦超,#东栏雪#快手星芒短剧,https://www.kuaishou.com/short-video/3xxsifamq8y3kyy,46566f75
fed9bb66,"3. <<运气不好,穿越就遇到两个心狠手辣的家伙,古代体验卡结束呜呜呜。>>",知竹zZ,,锦超,#东栏雪#快手星芒短剧,https://www.kuaishou.com/short-video/3xxj3gyy29v3in2,cd9c6a76
af79e3b9,"4. <<【女主】:殿下,一定要好好搞事业！ 【男主】:我不要娶别人QAQ>>",知竹zZ,,锦超,#东栏雪#快手星芒短剧,https://www.kuaishou.com/short-video/3xj23b3rpd5ahks,8222d04d
67b50152,"5. <<今天的打戏有特意设计过,想把阿颜的狠辣,以及七殿下身上脆弱和强大这两种极致反差的特质表现出来,希望大家会喜欢呀～！>>",知竹zZ,,锦超,#东栏雪#快手星芒短剧,https://www.kuaishou.com/short-video/3x9te6sy3ffsfry,9c26c883
0eb8c96c,"6. <<我以为我会一直一个人,从深渊到地狱…可你却说你要一直陪着我。>>",圻夏夏,,,#东栏雪#短剧东栏雪,https://www.kuaishou.com/short-video/3x62fzs24zwqbf2,4acd98c3
4bb6ee3c,"7. <<七殿下没有长嘴,但是我们阿颜长了哈哈哈。>>",知竹zZ,,锦超,#东栏雪#快手星芒短剧,https://www.kuaishou.com/short-video/3x8s6b82azdz22y,a490b787
41b0d034,"8. <<如果喜欢你会让你困扰,那我就假装不喜欢吧。(七殿下:假装太难了QAQ)>>",知竹zZ,,锦超,#东栏雪#快手星芒短剧,https://www.kuaishou.com/short-video/3xkve4sfztruuge,ee6ef117
1d8127e3,9. <<徒弟当然打不过师父啦！>>,知竹zZ,,锦超,#东栏雪#快手星芒短剧,https://www.kuaishou.com/short-video/3x8e3wq6t795z5e,6f0d4de5
164261e2,"10. <<你还是会有一丁点心疼的对吧,既然如此,我就怎么样都不会放手了。>>",知竹zZ,,锦超,#东栏雪#快手星芒短剧,https://www.kuaishou.com/short-video/3x44wtcquntz3fu,615836f5
611f4202,"11. <<我们可怜巴巴的小七,刚觉得阿颜会心疼自己,好开心！结果转头发现,啊老婆可能不喜欢男的？？？追妻之路漫漫～>>",知竹zZ,,锦超,#东栏雪#快手星芒短剧,https://www.kuaishou.com/short-video/3x3r5h7w4p86h49,f04eec1c
33e237bb,"12. <<或许我之于你,只是交易和利用的棋子…但你对于我而言,却是这世间仅有的温暖,如荒漠甘霖、雪中箩炭。>>",圻夏夏,,,#短剧东栏雪,https://www.kuaishou.com/short-video/3x6x89hswj66dvg,48b5d7bb
6177e77c,"13. <<好气,情敌怎么这么多……所以阿颜笑的时候,看的是会撒娇的小作精,还是温温柔柔的白月光？>>",知竹zZ,,锦超,#东栏雪#快手星芒短剧,https://www.kuaishou.com/short-video/3x99yke72recnxy,3edb62a3
ff2541e5,"14. <<如果可以,阿颜也想与亲人、爱人,过最平凡自在的日子,就只是那样简单的愿望而已。>>",知竹zZ,,锦超,#东栏雪#快手星芒短剧,https://www.kuaishou.com/short-video/3x64296c9qffefe,27f1310b
e5166dae,"15. <<对不起,我不爱你。>>",知竹zZ,,锦超,#东栏雪#快手星芒短剧,https://www.kuaishou.com/short-video/3xq7jv77z7ikiey,2b51e478
6fa6d794,"16. <<我爱你,是无人知晓的秘密。包括我自己…>>",圻夏夏,,,#东栏雪,https://www.kuaishou.com/short-video/3xje32vuwfeygxk,d7c23296
e553f946,"17. <<阿颜,梨花就算不开在枝头,它也永远开在我心里。>>",知竹zZ,,锦超,#东栏雪#快手星芒短剧,https://www.kuaishou.com/short-video/3xy7bfz4j7a528w,1174dec1
5eeeb29f,"18. <<“阿姐、爹爹,该死的我一个都不会放过……”>>",知竹zZ,,锦超,#东栏雪#快手星芒短剧,https://www.kuaishou.com/short-video/3xt94fndy96s5mq,bd8449c7
94800412,19. <<一些小七和阿颜的心电感应。>>,知竹zZ,,锦超,#东栏雪#快手星芒短剧,https://www.kuaishou.com/short-video/3xah7hv33v5iucm,ad9f2378
8c211108,20. <<心疼我们阿颜QAQ！>>,知竹zZ,,锦超,#东栏雪#快手星芒短剧,https://www.kuaishou.com/short-video/3xwz9e4igreqd56,b601d67d
e5f62f4a,"21. <<阿颜,你教的好学生,和你一样又狠又疯呢～>>",知竹zZ,,锦超,#东栏雪#快手星芒短剧,https://www.kuaishou.com/short-video/3xachyk2uaifiuc,eded0b5c
2d23319f,"22. <<阿颜,以往觉得未来还长,我可以慢慢等,但如今,我不想再等了。>>",知竹zZ,,锦超,#东栏雪#快手星芒短剧,https://www.kuaishou.com/short-video/3xfvf4echnic472,f2ed07de
627a5fa6,"23. <<上官姑娘,我其实是想问清羽给你的东西……(所以说,一下碰到两个恋爱脑是什么体验,事业批阿颜手足无措中哈哈哈)>>",知竹zZ,,锦超,#东栏雪#快手星芒短剧,https://www.kuaishou.com/short-video/3xqpdrcifjaymri,dde6f9d8
b0229e7e,"24. <<心机也好,耍赖也好,反正我也不是什么好人,只要能让你留在身边,用尽手段又怎么样呢？>>",知竹zZ,,锦超,#东栏雪#快手星芒短剧,https://www.kuaishou.com/short-video/3xxjcuufs92m2uk,7041295f
6cca5df0,25. <<时隔一年的温泉终于泡上了！>>,知竹zZ,,锦超,#东栏雪#快手星芒短剧,https://www.kuaishou.com/short-video/3xde4eufdmenrdg,5907c924
fa4e39e3,"26. <<阿颜,我不要你做受委屈的人,如果伤疤不会好的话,那我来补偿你吧。>>",知竹zZ,,锦超,#东栏雪#快手星芒短剧,https://www.kuaishou.com/short-video/3xqs7fxy4r88dwk,5e1ffa12
bf7e8b57,27. <<是纯情又好学的腹黑七殿下！>>,知竹zZ,,锦超,#东栏雪#快手星芒短剧,https://www.kuaishou.com/short-video/3xdse63f84b8mmk,ee2ff0b6
202791c7,"28. <<七殿下你是怎么认为自己能骗过师父的呢！不过是阿颜心软,宠着你不点破罢了～>>",知竹zZ,,锦超,#东栏雪#快手星芒短剧,https://www.kuaishou.com/short-video/3xbmrwia3ftywgk,814ce647
452d5e0d,29. <<是很抗揍的小七……>>,知竹zZ,,锦超,#东栏雪#快手星芒短剧,https://www.kuaishou.com/short-video/3xt98x2a4zzzz3c,e1d717ab
5ef5fe6e,30. <<太子过生日终于穿新衣服了hhh>>,知竹zZ,,锦超,#东栏雪#快手星芒短剧,https://www.kuaishou.com/short-video/3x9zhuxduir8kt2,072e7b92
8acee2da,"31. <<我想做的从来不止是扳倒太子,阿颜,我想还你清白。>>",知竹zZ,,锦超,#东栏雪#快手星芒短剧,https://www.kuaishou.com/short-video/3xx7239kjr78sye,14e0858c
60ee88ee,"32. <<阿颜,你要走了吗？>>",知竹zZ,,锦超,#东栏雪#快手星芒短剧,https://www.kuaishou.com/short-video/3xsav6hhxy8p8ye,2907dc1b
bf2da7a0,"33. <<故事还在继续,春日总会达到。小七和阿颜一定会携手漫步在江南的梨花树下,我相信,终会有那一日……>>",知竹zZ,,锦超,#东栏雪#快手星芒短剧,https://www.kuaishou.com/short-video/3xvfy5htrf4r8vw,80f4cb39
3d360296,34. <<【一些删减掉的片段】之吵架日常。>>,知竹zZ,,锦超,#东栏雪#快手星芒短剧,https://www.kuaishou.com/short-video/3xdpdg6x4tajs5a,fcc312a0
2685b535,"1. <<新剧《东栏雪》今日开播啦~ 这次是心狠手辣双强组合,铁石心肠狠毒宫女 x 虽然很强但恋爱脑的皇子哈哈哈哈哈,尝试一下不同的GB人设。如果顾玄清是温顺的萨摩耶,摊开肚皮任公主揉捏,那褚宁远就是阴鸷的狼,他可以轻松咬破你的血管,但却甘愿俯首称臣,只为博取女主一丝丝的心软,就真的很爱吧！>>",知竹zZ,,锦超,#影视#影视资讯#短剧东栏雪#短剧东栏雪开播,https://www.douyin.com/video/7203542812267171076,44c5238f
61d87282,"2. <<【圻夏夏*锦超｜东栏雪】我还以为我会一直一个人,从深渊到地狱。>>",圻夏夏,,,#我嗑的CP最最最甜#星动安利大作战·春日篇,https://www.bilibili.com/video/BV1fg4y1J7Km,5c43acc0
b9759790,3. <<我们不需要救赎。>>,圻夏夏,,,#东栏雪,https://www.xiaohongshu.com/explore/6400730e000000002702bc55?xsec_token=ABqpH7Eya26Hn_RvZzFJf3sGamNihswBa0SBSGf13eIr4=&xsec_source=pc_search,1b9adc0a
85db6ce1,"4. <<我以为我会一个人,从深渊到地狱…可你却出现了。>>",圻夏夏,,锦超,#影视#影视剪辑#电视剧剪辑#短剧东栏雪,https://www.douyin.com/video/7205886564461776132,a848d764
cd870544,"5. <<【圻夏夏*锦超｜东栏雪】你这么狠毒跟谁学的？哦,跟我学的～>>",圻夏夏,,,#星动安利大作战·春日篇#春日星光剧场,https://www.bilibili.com/video/BV1Vb411Q7ZK,fd266e5b
d533b8ec,6. <<打戏真不戳呀！我们不愧是宫廷江湖剧～>>,圻夏夏,,,#东栏雪#短剧东栏雪,https://www.xiaohongshu.com/explore/6402d5840000000013036a7b?xsec_token=AB6oXH-D6vK7UChrv0JdXgV_BPhn8ytsZJppN7MGgTWj4=&xsec_source=pc_search,301a301f
aacd2a4d,"7. <<你这么狠毒是跟谁学的？ 哦,原来是跟我学的～>>",圻夏夏,,锦超,#影视#影视剪辑#电视剧剪辑#短剧东栏雪,https://www.douyin.com/video/7207362314520120579,68144b0e
5ca1a845,8. <<【圻夏夏*锦超｜东栏雪】当心动对象主动献身该怎么办？在线等！>>,圻夏夏,,,#星动安利大作战·春日篇#春日星光剧场,https://www.bilibili.com/video/BV1mc41177cj,9809cee7
891c2198,9. <<当心动对象主动献身该怎么办？在线等！>>,圻夏夏,,锦超,#短剧东栏雪,https://www.xiaohongshu.com/explore/64101c64000000001303281f?xsec_token=ABlt-AR7SjDAcma1ljcjiCBrnZeRzVuZe8IFtJanIV3gk=&xsec_source=pc_search,d6ea4899
57ee9d07,"10. <<夫妻混合双打,天下无敌。(我运镜还是有一点进步啦~！)>>",知竹zZ,,锦超,#东栏雪#影视#影视剪辑#电视剧剪辑#短剧东栏雪,https://www.douyin.com/video/7210249631370972427,7f04a709
87379331,11. <<你就不能……把我放在心上吗？>>,知竹zZ,,锦超,#影视#影视剪辑#电视剧剪辑#短剧东栏雪,https://www.douyin.com/video/7213539546250677515,345941c6
b94294f5,12. <<越惨越好看？那今天真的很好看了…>>,圻夏夏唉,,,#影视#影视剪辑#电视剧剪辑#短剧东栏雪,https://www.douyin.com/video/7215956609841892619,380a1362
b2612d45,"13. <<当一个事业批,遇上两个恋爱脑……丨GB短剧《东栏雪》>>",知竹zZ,,"芝月,锦超",#B站小剧场#东栏雪#我在B站拍短剧#短剧,https://www.bilibili.com/video/BV1c84y1T7hM,6b560432
0a0904d5,"14. <<当一个事业批,遇上两个恋爱脑……>>",知竹zZ,,"锦超,芝月",#影视#影视剪辑#电视剧剪辑#短剧东栏雪,https://www.douyin.com/video/7218802966948482343,212e0bbb
