link_id,platform,share_url,title,pubdate,view,like,reply,share,favorite,cover_url,tags,bgm,co_operators,author,related_series
92fa1883,B站,https://www.bilibili.com/video/BV1RC4y1e75w,【盲盒剧场·第六季】《长公主在上》广播剧PV,2024/01/07,37425,1408,98,36,267,http://i1.hdslb.com/bfs/archive/91ccba542f3f1eb52e043258337e2bbd191e3678.jpg,#王宁#广播剧#长公主在上#盲盒剧场#伤洛#猫耳FM#知竹,,,猫耳FM,
6b560432,B站,https://www.bilibili.com/video/BV1c84y1T7hM,当一个事业批，遇上两个恋爱脑……丨GB短剧《东栏雪》,2023/04/06,1293133,94815,961,5841,18056,http://i1.hdslb.com/bfs/archive/785f36bdbc5b2a8985cfc0ee24b185fc78635cc3.jpg,#B站小剧场#短剧#芝月#圻夏夏#东栏雪#锦超#我在B站拍短剧,,,知竹zZ,
ca93d191,B站,https://www.bilibili.com/video/BV1Xa41187kw,最先动心的人，注定是输家。丨GB文学 短剧长公主在上,2022/03/01,1437510,49113,1152,7268,13479,http://i0.hdslb.com/bfs/archive/0efebf3e071e2d022b00ee77934d5e5e8166ad73.jpg,#B站小剧场#短剧#古风#GB#女A男O,,,知竹zZ,
286978f4,B站,https://www.bilibili.com/video/BV1UR4y1j74s,骄奢淫逸长公主 x 失身又失心卧底侍卫 丨GB文学  短剧长公主在上,2022/02/05,1124128,71716,2663,12344,13582,http://i1.hdslb.com/bfs/archive/db762fde624d8c4effe0af79fbc4be1f01e75163.jpg,#GB#春节影视好看指南#古风#原创#短剧#女A男O#新春宅家追剧攻略,,,知竹zZ,
14248431,快手,https://www.kuaishou.com/short-video/3xsakwt82ysbrbe,"“只要是你想要的，我都会替你夺过来。”
“……我又怎么会对一颗棋子动心？”

出镜:@圻夏夏(O3xctcpqmgpbdm7u) @锦超jc(O3xqcjcem9zaqti9)",2021/08/16,13904000,847625,0,0,0,,#快手剧星计划,,,知竹zZ,
fcc312a0,快手,https://www.kuaishou.com/short-video/3xdpdg6x4tajs5a,【一些删减掉的片段】之吵架日常。主演：@锦超jc(O3xqcjcem9zaqti9) @圻夏夏(O3xctcpqmgpbdm7u) #东栏雪 #快手星芒短剧,2023/05/17,1713000,54730,0,0,0,,#东栏雪#快手星芒短剧,,,知竹zZ,
80f4cb39,快手,https://www.kuaishou.com/short-video/3xvfy5htrf4r8vw,故事还在继续，春日总会达到。小七和阿颜一定会携手漫步在江南的梨花树下，我相信，终会有那一日…… 主演：@圻夏夏(O3xctcpqmgpbdm7u) @锦超jc(O3xqcjcem9zaqti9) #东栏雪 #快手星芒短剧,2023/04/28,4532000,178460,0,0,0,,#东栏雪#快手星芒短剧,,,知竹zZ,
2907dc1b,快手,https://www.kuaishou.com/short-video/3xsav6hhxy8p8ye,阿颜，你要走了吗？主演：@锦超jc(O3xqcjcem9zaqti9) @圻夏夏(O3xctcpqmgpbdm7u) #东栏雪 #快手星芒短剧,2023/04/26,3795000,88858,0,0,0,,#东栏雪#快手星芒短剧,,,知竹zZ,
14e0858c,快手,https://www.kuaishou.com/short-video/3xx7239kjr78sye,我想做的从来不止是扳倒太子，阿颜，我想还你清白。主演：@圻夏夏(O3xctcpqmgpbdm7u) @锦超jc(O3xqcjcem9zaqti9) #东栏雪 #快手星芒短剧,2023/04/23,3817000,84204,0,0,0,,#东栏雪#快手星芒短剧,,,知竹zZ,
072e7b92,快手,https://www.kuaishou.com/short-video/3x9zhuxduir8kt2,太子过生日终于穿新衣服了hhh 主演：@锦超jc(O3xqcjcem9zaqti9) @圻夏夏(O3xctcpqmgpbdm7u) #东栏雪 #快手星芒短剧,2023/04/21,4044000,83369,0,0,0,,#东栏雪#快手星芒短剧,,,知竹zZ,
814ce647,快手,https://www.kuaishou.com/short-video/3xbmrwia3ftywgk,七殿下你是怎么认为自己能骗过师父的呢！不过是阿颜心软，宠着你不点破罢了～主演：@锦超jc(O3xqcjcem9zaqti9) @圻夏夏(O3xctcpqmgpbdm7u) #东栏雪 #快手星芒短剧,2023/04/19,4161000,85942,0,0,0,,#东栏雪#快手星芒短剧,,,知竹zZ,
e1d717ab,快手,https://www.kuaishou.com/short-video/3xt98x2a4zzzz3c,是很抗揍的小七…… 主演：@锦超jc(O3xqcjcem9zaqti9) @圻夏夏(O3xctcpqmgpbdm7u) #东栏雪 #快手星芒短剧,2023/04/19,5745000,104282,0,0,0,,#东栏雪#快手星芒短剧,,,知竹zZ,
1ba24f26,快手,https://www.kuaishou.com/short-video/3xq6z9ngkmvp3h2,知情趣又温柔，偶尔霸道偶尔还会撒娇，以及非常非常护妻……阿颜真的会被这样的七殿下吃的死死的。主演：@圻夏夏(O3xctcpqmgpbdm7u) @锦超jc(O3xqcjcem9zaqti9),2023/04/16,4719000,77662,0,0,0,,,,,知竹zZ,
ee2ff0b6,快手,https://www.kuaishou.com/short-video/3xdse63f84b8mmk,是纯情又好学的腹黑七殿下！主演：@锦超jc(O3xqcjcem9zaqti9) @圻夏夏(O3xctcpqmgpbdm7u) #东栏雪 #快手星芒短剧,2023/04/14,7803000,197096,0,0,0,,#东栏雪#快手星芒短剧,,,知竹zZ,
5e1ffa12,快手,https://www.kuaishou.com/short-video/3xqs7fxy4r88dwk,阿颜，我不要你做受委屈的人，如果伤疤不会好的话，那我来补偿你吧。主演：@锦超jc(O3xqcjcem9zaqti9) @圻夏夏(O3xctcpqmgpbdm7u) #东栏雪 #快手星芒短剧,2023/04/12,26283000,262530,0,0,0,,#东栏雪#快手星芒短剧,,,知竹zZ,
5907c924,快手,https://www.kuaishou.com/short-video/3xde4eufdmenrdg,时隔一年的温泉终于泡上了！主演：@圻夏夏(O3xctcpqmgpbdm7u) @锦超jc(O3xqcjcem9zaqti9) #东栏雪 #快手星芒短剧,2023/04/09,6799000,142139,0,0,0,,#东栏雪#快手星芒短剧,,,知竹zZ,
7041295f,快手,https://www.kuaishou.com/short-video/3xxjcuufs92m2uk,心机也好，耍赖也好，反正我也不是什么好人，只要能让你留在身边，用尽手段又怎么样呢？主演：@锦超jc(O3xqcjcem9zaqti9) @圻夏夏(O3xctcpqmgpbdm7u) #东栏雪 #快手星芒短剧,2023/04/07,7270000,158922,0,0,0,,#东栏雪#快手星芒短剧,,,知竹zZ,
dde6f9d8,快手,https://www.kuaishou.com/short-video/3xqpdrcifjaymri,上官姑娘，我其实是想问清羽给你的东西……（所以说，一下碰到两个恋爱脑是什么体验，事业批阿颜手足无措中哈哈哈）主演：@圻夏夏(O3xctcpqmgpbdm7u) @锦超jc(O3xqcjcem9zaqti9) #东栏雪 #快手星芒短剧,2023/04/05,6148000,124157,0,0,0,,#东栏雪#快手星芒短剧,,,知竹zZ,
f2ed07de,快手,https://www.kuaishou.com/short-video/3xfvf4echnic472,阿颜，以往觉得未来还长，我可以慢慢等，但如今，我不想再等了。主演：@锦超jc(O3xqcjcem9zaqti9) @圻夏夏(O3xctcpqmgpbdm7u) #东栏雪 #快手星芒短剧,2023/04/02,7148000,146310,0,0,0,,#东栏雪#快手星芒短剧,,,知竹zZ,
eded0b5c,快手,https://www.kuaishou.com/short-video/3xachyk2uaifiuc,阿颜，你教的好学生，和你一样又狠又疯呢～ 主演：@圻夏夏(O3xctcpqmgpbdm7u) @锦超jc(O3xqcjcem9zaqti9) #东栏雪 #快手星芒短剧,2023/03/31,7761000,197832,0,0,0,,#东栏雪#快手星芒短剧,,,知竹zZ,
b601d67d,快手,https://www.kuaishou.com/short-video/3xwz9e4igreqd56,心疼我们阿颜QAQ！主演：@圻夏夏(O3xctcpqmgpbdm7u) @锦超jc(O3xqcjcem9zaqti9)  #东栏雪 #快手星芒短剧,2023/03/29,7050000,135483,0,0,0,,#东栏雪#快手星芒短剧,,,知竹zZ,
ad9f2378,快手,https://www.kuaishou.com/short-video/3xah7hv33v5iucm,一些小七和阿颜的心电感应。主演：@圻夏夏(O3xctcpqmgpbdm7u) @锦超jc(O3xqcjcem9zaqti9) #东栏雪 #快手星芒短剧,2023/03/26,8278000,120110,0,0,0,,#东栏雪#快手星芒短剧,,,知竹zZ,
1174dec1,快手,https://www.kuaishou.com/short-video/3xy7bfz4j7a528w,阿颜，梨花就算不开在枝头，它也永远开在我心里。主演：@锦超jc(O3xqcjcem9zaqti9) @圻夏夏(O3xctcpqmgpbdm7u) #东栏雪 #快手星芒短剧,2023/03/22,41592000,481490,0,0,0,,#东栏雪#快手星芒短剧,,,知竹zZ,
bd8449c7,快手,https://www.kuaishou.com/short-video/3xt94fndy96s5mq,“阿姐、爹爹，该死的我一个都不会放过……” 主演：@圻夏夏(O3xctcpqmgpbdm7u) @锦超jc(O3xqcjcem9zaqti9) #东栏雪 #快手星芒短剧,2023/03/22,10217000,116447,0,0,0,,#东栏雪#快手星芒短剧,,,知竹zZ,
2b51e478,快手,https://www.kuaishou.com/short-video/3xq7jv77z7ikiey,对不起，我不爱你。主演：@圻夏夏(O3xctcpqmgpbdm7u) @锦超jc(O3xqcjcem9zaqti9) #东栏雪 #快手星芒短剧,2023/03/19,11309000,192586,0,0,0,,#东栏雪#快手星芒短剧,,,知竹zZ,
27f1310b,快手,https://www.kuaishou.com/short-video/3x64296c9qffefe,如果可以，阿颜也想与亲人、爱人，过最平凡自在的日子，就只是那样简单的愿望而已。主演：@圻夏夏(O3xctcpqmgpbdm7u) @锦超jc(O3xqcjcem9zaqti9) #东栏雪 #快手星芒短剧,2023/03/17,8573000,168338,0,0,0,,#东栏雪#快手星芒短剧,,,知竹zZ,
3edb62a3,快手,https://www.kuaishou.com/short-video/3x99yke72recnxy,好气，情敌怎么这么多……所以阿颜笑的时候，看的是会撒娇的小作精，还是温温柔柔的白月光？主演：@锦超jc(O3xqcjcem9zaqti9) @圻夏夏(O3xctcpqmgpbdm7u) #东栏雪 #快手星芒短剧,2023/03/15,11193000,187158,0,0,0,,#东栏雪#快手星芒短剧,,,知竹zZ,
f04eec1c,快手,https://www.kuaishou.com/short-video/3x3r5h7w4p86h49,我们可怜巴巴的小七，刚觉得阿颜会心疼自己，好开心！结果转头发现，啊老婆可能不喜欢男的？？？追妻之路漫漫～ 主演：@锦超jc(O3xqcjcem9zaqti9) @圻夏夏(O3xctcpqmgpbdm7u) #东栏雪 #快手星芒短剧,2023/03/12,38945000,369052,0,0,0,,#东栏雪#快手星芒短剧,,,知竹zZ,
615836f5,快手,https://www.kuaishou.com/short-video/3x44wtcquntz3fu,你还是会有一丁点心疼的对吧，既然如此，我就怎么样都不会放手了。主演：@锦超jc(O3xqcjcem9zaqti9) @圻夏夏(O3xctcpqmgpbdm7u) #东栏雪 #快手星芒短剧,2023/03/10,36651000,332510,0,0,0,,#东栏雪#快手星芒短剧,,,知竹zZ,
6f0d4de5,快手,https://www.kuaishou.com/short-video/3x8e3wq6t795z5e,徒弟当然打不过师父啦！主演：@锦超jc(O3xqcjcem9zaqti9) @圻夏夏(O3xctcpqmgpbdm7u)  #东栏雪 #快手星芒短剧,2023/03/09,34726000,309103,0,0,0,,#东栏雪#快手星芒短剧,,,知竹zZ,
ee6ef117,快手,https://www.kuaishou.com/short-video/3xkve4sfztruuge,如果喜欢你会让你困扰，那我就假装不喜欢吧。（七殿下：假装太难了QAQ）主演：@锦超jc(O3xqcjcem9zaqti9) @圻夏夏(O3xctcpqmgpbdm7u) #东栏雪 #快手星芒短剧,2023/03/05,38265000,470588,0,0,0,,#东栏雪#快手星芒短剧,,,知竹zZ,
a490b787,快手,https://www.kuaishou.com/short-video/3x8s6b82azdz22y,七殿下没有长嘴，但是我们阿颜长了哈哈哈。主演：@圻夏夏(O3xctcpqmgpbdm7u) @锦超jc(O3xqcjcem9zaqti9) #东栏雪 #快手星芒短剧,2023/03/03,11574000,244047,0,0,0,,#东栏雪#快手星芒短剧,,,知竹zZ,
9c26c883,快手,https://www.kuaishou.com/short-video/3x9te6sy3ffsfry,今天的打戏有特意设计过，想把阿颜的狠辣，以及七殿下身上脆弱和强大这两种极致反差的特质表现出来，希望大家会喜欢呀～！出镜：@圻夏夏(O3xctcpqmgpbdm7u) @锦超jc(O3xqcjcem9zaqti9)  #东栏雪 #快手星芒短剧,2023/03/01,38427000,509592,0,0,0,,#东栏雪#快手星芒短剧,,,知竹zZ,
8222d04d,快手,https://www.kuaishou.com/short-video/3xj23b3rpd5ahks,【女主】：殿下，一定要好好搞事业！ 【男主】：我不要娶别人QAQ  主演： @圻夏夏(O3xctcpqmgpbdm7u)  @锦超jc(O3xqcjcem9zaqti9)  #东栏雪  #快手星芒短剧,2023/02/26,15649000,296943,0,0,0,,#东栏雪#快手星芒短剧,,,知竹zZ,
cd9c6a76,快手,https://www.kuaishou.com/short-video/3xxj3gyy29v3in2,运气不好，穿越就遇到两个心狠手辣的家伙，古代体验卡结束呜呜呜。主演：@圻夏夏(O3xctcpqmgpbdm7u) @锦超jc(O3xqcjcem9zaqti9) #东栏雪 #快手星芒短剧,2023/02/25,43763000,504533,0,0,0,,#东栏雪#快手星芒短剧,,,知竹zZ,
b493fdd0,快手,https://www.kuaishou.com/short-video/3xneqzymfx4f7yc,"不是光明的救赎，是从一个地狱到另一个地狱，但这地狱有你相伴，真好。

主演：@圻夏夏(O3xctcpqmgpbdm7u) @锦超jc(O3xqcjcem9zaqti9)  #东栏雪 #长公主在上 #快手星芒短剧",2023/02/24,100000000,1163658,0,0,0,,#东栏雪#快手星芒短剧#长公主在上,,,知竹zZ,
46566f75,快手,https://www.kuaishou.com/short-video/3xxsifamq8y3kyy,"短剧《东栏雪》今日开播～前三天连更，之后每周三、五、日18:00更新。

这次是心狠手辣双强组合，铁石心肠狠毒宫女x 虽然很强但恋爱脑的皇子哈哈哈哈哈，尝试一下不同的GB人设，是你不爱我但我非要勉强，是强者俯首称臣，只为博取女主一丝丝的心软，就真的很爱吧！
主演： @圻夏夏(O3xctcpqmgpbdm7u) @锦超jc(O3xqcjcem9zaqti9)  #东栏雪 #快手星芒短剧",2023/02/24,4722000,210826,0,0,0,,#东栏雪#快手星芒短剧,,,知竹zZ,
91a2b2e0,快手,https://www.kuaishou.com/short-video/3xj5g3gtb2q5cja,“是臣有罪……不该以蜉蝣之身，妄图春华。”——《观鹤笔记》 出镜: @圻夏夏(O3xctcpqmgpbdm7u) @愛野超有味-(O3xy5mvq9mad5bpq),2022/11/23,1229000,41392,0,0,0,,,,,知竹zZ,
fa2d62af,快手,https://www.kuaishou.com/short-video/3xq8qmx63x8j7im,"娱乐圈小甜饼，高冷女顶流 x 傻白甜爱豆，啊啊啊啊啊啊是社死现场~
主演: @芝月(O3xn54kwp9xhww5w) @圻夏夏(O3xctcpqmgpbdm7u)",2022/08/11,1683000,37482,0,0,0,,,,,知竹zZ,
42c09c3a,快手,https://www.kuaishou.com/short-video/3xhpdate9pr3k2i,"《你嗑的CP是真的》 娱乐圈小甜饼，高冷女顶流 x 傻白甜爱豆，假戏真做~

主演: @芝月(O3xn54kwp9xhww5w) @圻夏夏(O3xctcpqmgpbdm7u)",2022/08/10,805000,19752,0,0,0,,,,,知竹zZ,
c36eac55,快手,https://www.kuaishou.com/short-video/3xpffxj2y3dj63c,"《你嗑的CP是真的》 娱乐圈小甜饼，高冷女顶流 x 傻白甜爱豆，片头的芒果味还算正吗哈哈哈~

出镜:@芝月(O3xn54kwp9xhww5w) @圻夏夏(O3xctcpqmgpbdm7u)",2022/08/10,1253000,22226,0,0,0,,,,,知竹zZ,
03724901,快手,https://www.kuaishou.com/short-video/3xn2u8cqjtcm6ww,"“对不起，我来晚了……”
出镜:@圻夏夏(O3xctcpqmgpbdm7u) @愛野超有味-(O3xy5mvq9mad5bpq)",2022/04/17,1042000,32657,0,0,0,,,,,知竹zZ,
05bb7bd2,快手,https://www.kuaishou.com/short-video/3xecdbsuw7jsmgs,“主人想要的，我都会给您抢过来，不用脏了您的手。” 恶人组的粮~ 出镜: @圻夏夏(O3xctcpqmgpbdm7u) @锦超jc(O3xqcjcem9zaqti9),2022/03/27,5027000,96185,0,0,0,,,,,知竹zZ,
900f7979,快手,https://www.kuaishou.com/short-video/3xxx7j3hjv8486c,一些小可爱们的日常。主演：@秋陌Cheyenne(O3xg4k3iufykgsgc) @玖柯9k(O3xup8i49jbbtuf2) @我不是肚子-3-(O3x3epec4adkfwcc)  #长公主在上 #快手星芒短剧寒假档 #快手星芒短剧,2022/03/25,3220000,92254,0,0,0,,#快手星芒短剧#快手星芒短剧寒假档#长公主在上,,,知竹zZ,
368b8266,快手,https://www.kuaishou.com/short-video/3xgqdiib94zm7zw,腹黑钓系公主和清纯小顾腻腻歪歪的日常，春天真好呀~！主演：@圻夏夏(O3xctcpqmgpbdm7u) @锦超jc(O3xqcjcem9zaqti9) #长公主在上 #快手短剧寒假档 #快手星芒短剧,2022/03/21,4376000,161097,0,0,0,,#快手星芒短剧#快手短剧寒假档#长公主在上,,,知竹zZ,
fa89f099,快手,https://www.kuaishou.com/short-video/3xxkbmv99vy38mk,是腹黑大灰狼公主和她的傻白甜小白兔侍卫呀！ 主演：@圻夏夏(O3xctcpqmgpbdm7u) @锦超jc(O3xqcjcem9zaqti9)  #长公主在上 #快手短剧寒假档 #快手星芒短剧,2022/03/19,9327000,347684,0,0,0,,#快手星芒短剧#快手短剧寒假档#长公主在上,,,知竹zZ,
3bf3e7e4,快手,https://www.kuaishou.com/short-video/3x3qzty32eeub5q,我计划好了一切，唯有你……是意料之外。 主演：@圻夏夏(O3xctcpqmgpbdm7u) @锦超jc(O3xqcjcem9zaqti9)  #长公主在上 #快手短剧寒假档 #快手星芒短剧,2022/03/17,8598000,208249,0,0,0,,#快手星芒短剧#快手短剧寒假档#长公主在上,,,知竹zZ,
e7721835,快手,https://www.kuaishou.com/short-video/3x734qqqek5pags,螳螂捕蝉，黄雀在后，是稳坐钓鱼台的公主大人啊~！主演：@圻夏夏(O3xctcpqmgpbdm7u) @锦超jc(O3xqcjcem9zaqti9) #长公主在上 #快手短剧寒假档 #快手星芒短剧,2022/03/17,7041000,138307,0,0,0,,#快手星芒短剧#快手短剧寒假档#长公主在上,,,知竹zZ,
74a2126a,快手,https://www.kuaishou.com/short-video/3xaz4whurddsqcm,公主:儿女情长什么的，只会影响我搞事业的速度…… 主演：@圻夏夏(O3xctcpqmgpbdm7u) @锦超jc(O3xqcjcem9zaqti9)  #长公主在上 #快手短剧寒假档 #快手星芒短剧,2022/03/15,9356000,165095,0,0,0,,#快手星芒短剧#快手短剧寒假档#长公主在上,,,知竹zZ,
2271fae3,快手,https://www.kuaishou.com/short-video/3xbhqd9c9t3v5mw,骗你是真的，可是……对你也是真的。 主演：@圻夏夏(O3xctcpqmgpbdm7u) @锦超jc(O3xqcjcem9zaqti9) #长公主在上 #快手短剧寒假档 #快手星芒短剧,2022/03/12,13684000,259220,0,0,0,,#快手星芒短剧#快手短剧寒假档#长公主在上,,,知竹zZ,
a12b3048,快手,https://www.kuaishou.com/short-video/3x92d6s2esndupc,知道这一天会到来，只是没想到真到来的时候会这样痛。主演：@圻夏夏(O3xctcpqmgpbdm7u) @锦超jc(O3xqcjcem9zaqti9)  #长公主在上 #快手短剧寒假档 #快手星芒短剧,2022/03/10,54284000,347879,0,0,0,,#快手星芒短剧#快手短剧寒假档#长公主在上,,,知竹zZ,
081e3f9e,快手,https://www.kuaishou.com/short-video/3xggsg94dsbcusi,哪怕只有一刻的欢愉，哪怕从此万劫不复……属下，也心甘情愿就此沉沦。主演：@圻夏夏(O3xctcpqmgpbdm7u) @锦超jc(O3xqcjcem9zaqti9) #长公主在上 #快手短剧寒假档 #快手星芒短剧,2022/03/08,15500000,312532,0,0,0,,#快手星芒短剧#快手短剧寒假档#长公主在上,,,知竹zZ,
9c543125,快手,https://www.kuaishou.com/short-video/3xgbqi2ick7gbdc,“可怜巴巴的样子，本宫看着就心烦……怎么这么没用，被人欺负了也不知道还手。” 主演：@圻夏夏(O3xctcpqmgpbdm7u) @锦超jc(O3xqcjcem9zaqti9) #长公主在上 #快手短剧寒假档 #快手星芒短剧,2022/03/07,11425000,165829,0,0,0,,#快手星芒短剧#快手短剧寒假档#长公主在上,,,知竹zZ,
8a256fc2,快手,https://www.kuaishou.com/short-video/3xa9mvnuiqe9cx6,小虐怡情哈哈，让公主心疼一下，她才能意识到自己很在意小侍卫。 主演：@圻夏夏(O3xctcpqmgpbdm7u) @锦超jc(O3xqcjcem9zaqti9) #长公主在上 #快手短剧寒假档 #快手星芒短剧,2022/03/05,11495000,225590,0,0,0,,#快手星芒短剧#快手短剧寒假档#长公主在上,,,知竹zZ,
c9c40f4a,快手,https://www.kuaishou.com/short-video/3xc686h9xv9pp5g,咱就是说，公主的气场也太强了，顾侍卫好惨，刚受了伤又要被罚了。主演：@圻夏夏(O3xctcpqmgpbdm7u) @锦超jc(O3xqcjcem9zaqti9) #长公主在上 #快手短剧寒假档 #快手星芒短剧,2022/03/03,10939000,142260,0,0,0,,#快手星芒短剧#快手短剧寒假档#长公主在上,,,知竹zZ,
16c23158,快手,https://www.kuaishou.com/short-video/3x6sbdt4xbjtife,完成任务是我的职责，但你……是我的私心。 主演：@圻夏夏(O3xctcpqmgpbdm7u) @锦超jc(O3xqcjcem9zaqti9)  #长公主在上 #快手短剧寒假档 #快手星芒短剧,2022/03/01,11186000,162867,0,0,0,,#快手星芒短剧#快手短剧寒假档#长公主在上,,,知竹zZ,
b9b5a1e7,快手,https://www.kuaishou.com/short-video/3xmi3nd5dvu8kja,好了，顾侍卫后面终于要做正事啦！主演：@圻夏夏(O3xctcpqmgpbdm7u) @锦超jc(O3xqcjcem9zaqti9) #长公主在上 #快手短剧寒假档 #快手星芒短剧,2022/02/26,11850000,178033,0,0,0,,#快手星芒短剧#快手短剧寒假档#长公主在上,,,知竹zZ,
49cb7b01,快手,https://www.kuaishou.com/short-video/3xrxmqdbd8xzbx9,所以说，沈侍卫才是助攻小能手对吧？ #长公主在上 #快手短剧寒假档 #快手星芒短剧,2022/02/24,13454000,202103,0,0,0,,#快手星芒短剧#快手短剧寒假档#长公主在上,,,知竹zZ,
73e1cbf7,快手,https://www.kuaishou.com/short-video/3xn2wk2hrhbyzec,最先动心的那个人，注定是输家。 主演：@圻夏夏(O3xctcpqmgpbdm7u) @锦超jc(O3xqcjcem9zaqti9) #长公主在上 #快手短剧寒假档 #快手星芒短剧,2022/02/22,14103000,225760,0,0,0,,#快手星芒短剧#快手短剧寒假档#长公主在上,,,知竹zZ,
040aa112,快手,https://www.kuaishou.com/short-video/3x2igc3wvv26ck2,让你到处扶人，这下好了，公主好像不要你了QAQ  主演：@圻夏夏(O3xctcpqmgpbdm7u) @锦超jc(O3xqcjcem9zaqti9)  #长公主在上 #快手短剧寒假档 #快手星芒短剧,2022/02/21,11884000,135563,0,0,0,,#快手星芒短剧#快手短剧寒假档#长公主在上,,,知竹zZ,
2ae66bfe,快手,https://www.kuaishou.com/short-video/3xdbfa6sq6e688s,是风动吗？不，是我心动。  （好喜欢这集啊！答应我一定要看完～） 主演：@圻夏夏(O3xctcpqmgpbdm7u) @锦超jc(O3xqcjcem9zaqti9)  #长公主在上 #快手短剧寒假档 #快手星芒短剧,2022/02/19,11250000,172583,0,0,0,,#快手星芒短剧#快手短剧寒假档#长公主在上,,,知竹zZ,
a2a8f32d,快手,https://www.kuaishou.com/short-video/3xtg7f7gm6jaupi,顾侍卫上位成功~！大boss又开始搞事情了！ 主演：@圻夏夏(O3xctcpqmgpbdm7u) @锦超jc(O3xqcjcem9zaqti9)  #长公主在上 #快手短剧寒假档 #快手星芒短剧,2022/02/19,11189000,147855,0,0,0,,#快手星芒短剧#快手短剧寒假档#长公主在上,,,知竹zZ,
9370ab95,快手,https://www.kuaishou.com/short-video/3xdyifubymxxn5g,小狗狗面对别人的时候都凶的不行，平时就软乎乎的~ 主演：@圻夏夏(O3xctcpqmgpbdm7u) @锦超jc(O3xqcjcem9zaqti9) #长公主在上 #快手短剧寒假档 #快手星芒短剧,2022/02/17,13164000,169523,0,0,0,,#快手星芒短剧#快手短剧寒假档#长公主在上,,,知竹zZ,
8c9b1189,快手,https://www.kuaishou.com/short-video/3xt8urvbuuyhexa,"当你开始怜惜一个人的时候，就离沦陷不远了。
主演：@圻夏夏(O3xctcpqmgpbdm7u) @锦超jc(O3xqcjcem9zaqti9) #长公主在上 #快手短剧寒假档 #快手星芒短剧",2022/02/15,10517000,163115,0,0,0,,#快手星芒短剧#快手短剧寒假档#长公主在上,,,知竹zZ,
bd8f1800,快手,https://www.kuaishou.com/short-video/3xddm39kzku6434,没想到我们顾侍卫，还是个呛口小辣椒哈~！ 主演：@圻夏夏(O3xctcpqmgpbdm7u) @锦超jc(O3xqcjcem9zaqti9)  #长公主在上 #快手短剧寒假档 #快手星芒短剧,2022/02/14,12624000,153236,0,0,0,,#快手星芒短剧#快手短剧寒假档#长公主在上,,,知竹zZ,
9f9ce60a,快手,https://www.kuaishou.com/short-video/3x8d7mpptizyfcw,公主:我就静静听你一本正经胡说八道呗~  主演：@圻夏夏(O3xctcpqmgpbdm7u) @锦超jc(O3xqcjcem9zaqti9) #长公主在上 #快手短剧寒假档 #快手星芒短剧,2022/02/10,18686000,232918,0,0,0,,#快手星芒短剧#快手短剧寒假档#长公主在上,,,知竹zZ,
c2f70fe0,快手,https://www.kuaishou.com/short-video/3xxftumsvhb35da,只有我们沈侍卫拿了认真宫斗的剧本哈哈哈！ 主演：@圻夏夏(O3xctcpqmgpbdm7u) @锦超jc(O3xqcjcem9zaqti9)  #长公主在上 #快手短剧寒假档 #快手星芒短剧,2022/02/08,21857000,227377,0,0,0,,#快手星芒短剧#快手短剧寒假档#长公主在上,,,知竹zZ,
2204dac5,快手,https://www.kuaishou.com/short-video/3xirzaepde85n7g,接到任务卧底进公主府，结果，怎么好像是羊入虎口？？主演：@圻夏夏(O3xctcpqmgpbdm7u) @锦超jc(O3xqcjcem9zaqti9)  #长公主在上 #快手短剧寒假档 #快手星芒短剧,2022/02/07,29576000,278244,0,0,0,,#快手星芒短剧#快手短剧寒假档#长公主在上,,,知竹zZ,
32426b0a,快手,https://www.kuaishou.com/short-video/3xdujjackadwyk6,"辛苦养大的弟弟居然派卧底过来！不过这卧底长得这般俊俏，就，勉为其难接受吧～ 主演：@圻夏夏(O3xctcpqmgpbdm7u) @锦超jc(O3xqcjcem9zaqti9) 
#长公主在上 #快手短剧寒假档 #快手星芒短剧",2022/02/06,33899000,352132,0,0,0,,#快手星芒短剧#快手短剧寒假档#长公主在上,,,知竹zZ,
00579d2b,快手,https://www.kuaishou.com/short-video/3x4n2jfrnegucre,"长公主选侍卫一定主要看脸吧~颜控实锤了哈哈哈！主演:@圻夏夏(O3xctcpqmgpbdm7u)  @锦超jc(O3xqcjcem9zaqti9)     
#长公主在上 #快手短剧寒假档 #快手星芒短剧",2022/02/05,54748000,752288,0,0,0,,#快手星芒短剧#快手短剧寒假档#长公主在上,,,知竹zZ,
cb98c3a3,快手,https://www.kuaishou.com/short-video/3xxi6m55zgmzhaq,"短剧《长公主在上》定档2月5号，公主x侍卫的CP也太好嗑了吧，明天中午12点记得来看！ 主演:@圻夏夏(O3xctcpqmgpbdm7u)  @锦超jc(O3xqcjcem9zaqti9)  
#长公主在上# #星芒短剧寒假档 #快手星芒短剧",2022/02/04,4898000,99712,0,0,0,,#星芒短剧寒假档#快手星芒短剧#长公主在上,,,知竹zZ,
e7fb8fba,快手,https://www.kuaishou.com/short-video/3xs557k42a8uuk2,"对于女主来说，男主最后说的话才是最扎心的，我救你只是源自于本心，而并非因为这个人是你。
 “……神爱世人，但我可以奢求神爱我一次吗？”

主演:@圻夏夏(O3xctcpqmgpbdm7u)  @全伊伦",2022/01/02,4896000,163450,0,0,0,,,,,知竹zZ,
2ebf5b38,快手,https://www.kuaishou.com/short-video/3x4hhk9ydm9hf9s,"你以为是魔尊徒弟x清冷师尊，不不不，其实是野心爆棚师尊x小白兔徒弟，徒弟还要谨遵师父之前的教诲兢兢业业拯救苍生哈哈哈。

主演:@圻夏夏(O3xctcpqmgpbdm7u) @扎心雷同学
BGM:梦鱼-池鱼",2021/11/26,4443000,186147,0,0,0,,,,,知竹zZ,
c8df0635,快手,https://www.kuaishou.com/short-video/3xcthjhbdjqgwcq,"书呆子…你看你，诗都不会念了。
出镜:@圻夏夏(O3xctcpqmgpbdm7u)",2021/11/13,1394000,65439,0,0,0,,,,,知竹zZ,
e469e3b3,快手,https://www.kuaishou.com/short-video/3x7x8k7qjvdq4qy,"可笑，她道貌岸然清心寡欲，到底哪里比得上我？
出演:@圻夏夏(O3xctcpqmgpbdm7u) @扎心雷同学",2021/11/04,1337000,44416,0,0,0,,,,,知竹zZ,
29dc9da7,快手,https://www.kuaishou.com/short-video/3xgkxt9ui3ta68w,"从前是为师不解风情，如今，何苦还要克制那七情六欲？
出演:@圻夏夏(O3xctcpqmgpbdm7u) @扎心雷同学",2021/11/03,1249000,32048,0,0,0,,,,,知竹zZ,
8cb78948,快手,https://www.kuaishou.com/short-video/3x8ug5paghsqare,"否则会被狠狠欺负的~
出镜:@锦超jc(O3xqcjcem9zaqti9) @圻夏夏(O3xctcpqmgpbdm7u)",2021/09/30,1664000,89275,0,0,0,,,,,知竹zZ,
c7c1d7d3,快手,https://www.kuaishou.com/short-video/3x5dh4s2smxwws4,"看尽繁华富贵，不过如此。
出镜:@圻夏夏(O3xctcpqmgpbdm7u)",2021/09/04,818000,23636,0,0,0,,,,,知竹zZ,
b5359ed4,快手,https://www.kuaishou.com/short-video/3xn9rcuyjd75m2q,"梦里不知身是客，一晌贪欢。
出镜:@圻夏夏(O3xctcpqmgpbdm7u) @锦超jc(O3xqcjcem9zaqti9)",2021/08/23,2041000,94095,0,0,0,,,,,知竹zZ,
fb259e9f,快手,https://www.kuaishou.com/short-video/3xz3grhty9au6qc,双A御姐组合yyds！出镜:@圣微(O3xhaiwphp7wufra) @圻夏夏(O3xctcpqmgpbdm7u),2021/06/08,5306000,513864,0,0,0,,,,,知竹zZ,
4a3cd4cf,快手,https://www.kuaishou.com/short-video/3x4wq2t5w3wwcbq,“到头来，只有你还在我身旁。”出镜:@圻夏夏(O3xctcpqmgpbdm7u) @锦超   恶人组后续~,2021/04/07,1137000,79425,0,0,0,,,,,知竹zZ,
93de1fdb,快手,https://www.kuaishou.com/short-video/3x3eb9fd7ff86ia,"美艳反派 x 年下小狼狗
恶人组我嗑了！
出镜:@圻夏夏(O3xctcpqmgpbdm7u) @锦超
 #发电计划",2021/03/30,4382000,405168,0,0,0,,#发电计划,,,知竹zZ,
94ec5ad5,快手,https://www.kuaishou.com/short-video/3x7ixinnccwfhae,"不同风格的夏夏，你最爱哪种~！

出镜:@圻夏夏(O3xctcpqmgpbdm7u) 
拍摄/后期:@知竹zZ",2021/02/21,726000,42658,0,0,0,,,,,知竹zZ,
95f5813c,快手,https://www.kuaishou.com/short-video/3xhjcpf5v8c9fd9,"《狐劫》诛仙手游同人微电影
第一集

主演:@🐑杨馥羽(O3x5z2s532sqz5kk)  @圻夏夏(O3xctcpqmgpbdm7u)  @玖柯9k
导演/编剧/摄影/灯光/剪辑/调色:@知竹zZ",2021/02/07,806000,32949,0,0,0,,,,,知竹zZ,
1adf1bf3,快手,https://www.kuaishou.com/short-video/3x6ajdvgeqepnfk,"“姐姐，那个位置是我的。”
“……那就看你，有没有本事得到。”

双A的漂亮姐姐们谁不爱呢！
出镜:@圻夏夏(O3xctcpqmgpbdm7u) @圣微vivi",2020/12/31,6944000,422509,0,0,0,,,,,知竹zZ,
792725a7,快手,https://www.kuaishou.com/short-video/3xhkqx4wahjg8zw,"给夏夏拍了甄宓的仿妆，表情抓住精髓了~！
出镜:@圻夏夏(O3xctcpqmgpbdm7u) 
BGM:不懂事",2020/11/05,332000,9262,0,0,0,,,,,知竹zZ,
cf6438aa,快手,https://www.kuaishou.com/short-video/3xvu9gk2ry6v49i,"是下山前无忧无虑的小师妹，还没有开虐前的温柔时光呀。
出镜:@圻夏夏(O3xctcpqmgpbdm7u) 
BGM:晚夜微雨问海棠",2020/11/02,588000,14374,0,0,0,,,,,知竹zZ,
28b1768c,快手,https://www.kuaishou.com/short-video/3xmuq5yw3rnrxa9,"梦里，依稀记得那个温柔至极的江南姑娘。
出镜:@圻夏夏(O3xctcpqmgpbdm7u) 
 #古风",2020/08/22,864000,98341,0,0,0,,#古风,,,知竹zZ,
350ba075,快手,https://www.kuaishou.com/short-video/3xvrvyywpkjwtky,"可能这就是绝美回眸吧~
出镜:@圻夏夏(O3xctcpqmgpbdm7u) 
 #古风",2020/08/16,1178000,118305,0,0,0,,#古风,,,知竹zZ,
f8dea053,快手,https://www.kuaishou.com/short-video/3xne4i8q5zgp2y2,"超帅的小姐姐~！

出镜:@圻夏夏(O3xctcpqmgpbdm7u) @庄翰
拍摄/后期:@知竹zZ
 #古风",2020/08/15,356000,14515,0,0,0,,#古风,,,知竹zZ,
68c854b8,快手,https://www.kuaishou.com/short-video/3x66mcb2kcxes7q,"她是牡丹园养护达人，是割舌大师，是这后宫中艳压群芳的人间富贵花【韦贵妃】！  @圻夏夏(O3xctcpqmgpbdm7u)   娇艳是她的利刃，跋扈是她的铠甲。她深谙这场生存游戏的规则，权力才是安身立命之本！
主子大人，您初入宫闱，请牢记宫廷生存法则第一条：别惹贵妃~
#盛世天下  #盛世天下定档9月  #圻夏夏",2025/08/14,1504,59,0,0,0,,#盛世天下定档9月#圻夏夏#盛世天下,,,盛世天下,
acf1e399,抖音,https://www.douyin.com/video/7034733280364743950,"你以为是魔尊徒弟 x 清冷师尊，不不不，其实是野心爆棚师尊 x 小白兔徒弟，徒弟还要谨遵师父之前的教诲，兢兢业业拯救苍生hhh。
主演：@圻夏夏 @扎心雷同学",2021/11/26,0,679312,61309,77472,19988,https://p9-pc-sign.douyinpic.com/tos-cn-p-0015/c3eb69019aaf41ffa8b9f4a81555d291_1637901547~tplv-dy-360p.jpeg?lk3s=138a59ce&x-expires=1757685600&x-signature=qRMML3uM5c2bgF4Dk4BNRareqRs%3D&from=327834062&s=PackSourceEnum_AWEME_DETAIL&se=false&sc=origin_cover&biz_tag=pcweb_cover&l=2025082922283485039EAE85354A2CF164,#影视#电视剧剪辑#影视剪辑,https://sf5-hl-cdn-tos.douyinstatic.com/obj/ies-music/7034733598201006856.mp3,,知竹zZ,
5ebdbac7,抖音,https://www.douyin.com/video/7227447091134532896,阿颜，其实那日在梨花树下，我说的话是骗你的……不够的，一辈子太长，和你在一起的日子，怎么会觉得足够呢？#圻夏夏 #锦超,2023/04/29,0,162985,10745,17024,7301,https://p9-pc-sign.douyinpic.com/tos-cn-p-0015/f9edac3aa03742fc968c289098913b2e_1682771169~tplv-dy-360p.jpeg?lk3s=138a59ce&x-expires=1757685600&x-signature=LUeJg018if2NJoZMBJcePQX5qaM%3D&from=327834062&s=PackSourceEnum_AWEME_DETAIL&se=false&sc=origin_cover&biz_tag=pcweb_cover&l=20250829222843A8A6154D3E50D02D27A5,#影视剪辑#影视#电视剧剪辑#圻夏夏#锦超,,,知竹zZ,
212e0bbb,抖音,https://www.douyin.com/video/7218802966948482343,当一个事业批，遇上两个恋爱脑……  主演:@圻夏夏 @锦超 @芝月 #短剧东栏雪,2023/04/06,0,346017,18815,42530,15945,https://p9-pc-sign.douyinpic.com/tos-cn-p-0015/d692042ed5ec4d3992a7b9b0f3557c9c_1680758550~tplv-dy-360p.jpeg?lk3s=138a59ce&x-expires=1757685600&x-signature=aOJTboZIKTxr%2FDcUfOOLaCBFp8I%3D&from=327834062&s=PackSourceEnum_AWEME_DETAIL&se=false&sc=origin_cover&biz_tag=pcweb_cover&l=20250829222848E3EEDAB1B2B2702F0D59,#影视#短剧东栏雪#电视剧剪辑#影视剪辑,https://sf3-cdn-tos.douyinstatic.com/obj/ies-music/7218802978836941605.mp3,,知竹zZ,
345941c6,抖音,https://www.douyin.com/video/7213539546250677515,你就不能……把我放在心上吗？ 出镜:@圻夏夏 @锦超 #短剧东栏雪,2023/03/23,0,53877,3058,7861,4002,https://p9-pc-sign.douyinpic.com/tos-cn-p-0015/f5c86b87fd2940888d78aed48456101c_1679533069~tplv-dy-360p.jpeg?lk3s=138a59ce&x-expires=1757685600&x-signature=qDSRjNmkmcAsa9Pfexg2Ew%2Fc5Dc%3D&from=327834062&s=PackSourceEnum_AWEME_DETAIL&se=false&sc=origin_cover&biz_tag=pcweb_cover&l=202508292228482E55F160BEE42233C059,#影视#短剧东栏雪#电视剧剪辑#影视剪辑,https://sf5-hl-cdn-tos.douyinstatic.com/obj/ies-music/7174731523680111417.mp3,,知竹zZ,
7f04a709,抖音,https://www.douyin.com/video/7210249631370972427,夫妻混合双打，天下无敌。(我运镜还是有一点进步啦~！)出镜:@锦超 @圻夏夏  #短剧东栏雪 #东栏雪,2023/03/14,0,33794,1098,3020,1702,https://p9-pc-sign.douyinpic.com/tos-cn-p-0015/aed9f68afe5e4704ae7455c04d97b85a_1678767076~tplv-dy-360p.jpeg?lk3s=138a59ce&x-expires=1757685600&x-signature=4G7mhE4cqYuCDpHrgKxfuhCtMCc%3D&from=327834062&s=PackSourceEnum_AWEME_DETAIL&se=false&sc=origin_cover&biz_tag=pcweb_cover&l=202508292228499B011AC7DD7B9B343595,#短剧东栏雪#影视剪辑#影视#电视剧剪辑#东栏雪,https://sf5-hl-cdn-tos.douyinstatic.com/obj/ies-music/7210249674744236855.mp3,,知竹zZ,
acb32bee,抖音,https://www.douyin.com/video/7169148370441768196,“是臣有罪……不该以蜉蝣之身，妄图春华。”——文案借用《观鹤笔记》 出镜:@圻夏夏 @愛野超有味,2022/11/23,0,124757,5041,9171,6978,https://p9-pc-sign.douyinpic.com/tos-cn-p-0015/6aaa6fe2bb964d008bd8ccc23e3fe642_1669197443~tplv-dy-360p.jpeg?lk3s=138a59ce&x-expires=1757685600&x-signature=SEC0AeBxD1B8ItX69PqFmt08Ajc%3D&from=327834062&s=PackSourceEnum_AWEME_DETAIL&se=false&sc=origin_cover&biz_tag=pcweb_cover&l=20250829222850A1328387C997CC2FC4ED,#影视#电视剧剪辑#影视剪辑,https://sf5-hl-ali-cdn-tos.douyinstatic.com/obj/tos-cn-ve-2774/64f6a265eb564060b6567ad99582aaca,,知竹zZ,
6818b47f,抖音,https://www.douyin.com/video/7087477890752744715,“对不起，我来晚了……” 出镜:@圻夏夏 @愛野超有味,2022/04/17,0,34952,978,1515,1380,https://p3-pc-sign.douyinpic.com/tos-cn-p-0015/9e0eddbb44634d0492c723e82e924087_1650182046~tplv-dy-360p.jpeg?lk3s=138a59ce&x-expires=1757685600&x-signature=OwI4yIXeuJ98xQOoR5UBKAIciyU%3D&from=327834062&s=PackSourceEnum_AWEME_DETAIL&se=false&sc=origin_cover&biz_tag=pcweb_cover&l=202508292229039A94A751B2E6692DCCB6,#影视#电视剧剪辑#影视剪辑,https://sf5-hl-ali-cdn-tos.douyinstatic.com/obj/ies-music/7008507378988239653.mp3,,知竹zZ,
3e27ceab,抖音,https://www.douyin.com/video/7079758568416611617,“主人想要的，我都会给您抢过来，不用脏了您的手。” 恶人组的粮~ 出镜:@圻夏夏 @锦超,2022/03/27,0,32543,970,1214,1495,https://p9-pc-sign.douyinpic.com/tos-cn-p-0015/17b8a85f403a4a338e6d79f4bacf17f8_1648384752~tplv-dy-360p.jpeg?lk3s=138a59ce&x-expires=1757685600&x-signature=xh7tKCB0EVFsejoFBDxcP96GQ3U%3D&from=327834062&s=PackSourceEnum_AWEME_DETAIL&se=false&sc=origin_cover&biz_tag=pcweb_cover&l=20250829222905544E1C7FF0240B2F7237,#影视#电视剧剪辑#影视剪辑,,,知竹zZ,
0e61270b,抖音,https://www.douyin.com/video/7046986019761081639,“后来我才明白，他救我是他的侠义之心，而失去他，才是对我最大的惩罚” 主演:@圻夏夏 @全伊伦    #国风键盘皮肤,2021/12/29,0,235599,13094,13296,6733,https://p9-pc-sign.douyinpic.com/tos-cn-p-0015/0d8b3790f4da4f66957d03ae96819ef4_1640754299~tplv-dy-360p.jpeg?lk3s=138a59ce&x-expires=1757685600&x-signature=d2LbwLAtPQc%2BOefPpIPre0%2Bud5o%3D&from=327834062&s=PackSourceEnum_AWEME_DETAIL&se=false&sc=origin_cover&biz_tag=pcweb_cover&l=2025082922290764CF880FFFCA3628404C,#影视#电视剧剪辑#国风键盘皮肤#影视剪辑,,,知竹zZ,
07d08b5f,抖音,https://www.douyin.com/video/7029918093602278695,书呆子…你看你，诗都不会念了。 出镜:@圻夏夏,2021/11/13,0,31562,840,2536,737,https://p3-pc-sign.douyinpic.com/tos-cn-p-0015/982f06c77e5f4559a7f75df612e63ef6_1636780358~tplv-dy-360p.jpeg?lk3s=138a59ce&x-expires=1757685600&x-signature=M%2BzYKaBqh0F%2B4UedAByzUCXh2iE%3D&from=327834062&s=PackSourceEnum_AWEME_DETAIL&se=false&sc=origin_cover&biz_tag=pcweb_cover&l=202508292229127AD73202A002CF32F42E,#汉服#二次元衍生#二次元,https://sf5-hl-cdn-tos.douyinstatic.com/obj/ies-music/7021387415705127711.mp3,,知竹zZ,
449e2fbf,抖音,https://www.douyin.com/video/7026547002804555041,"可笑，她道貌岸然清心寡欲，到底哪里比得上我？
出演:@圻夏夏 @扎心雷同学",2021/11/04,0,31583,749,1475,925,https://p9-pc-sign.douyinpic.com/tos-cn-p-0015/7422d06fafbd4dba8e0cac094633cb27_1635995467~tplv-dy-360p.jpeg?lk3s=138a59ce&x-expires=1757685600&x-signature=GsqDOBtV%2BK3C%2BBClgEaKK%2Fim75w%3D&from=327834062&s=PackSourceEnum_AWEME_DETAIL&se=false&sc=origin_cover&biz_tag=pcweb_cover&l=202508292229134038869BF41FB92C5EC2,#汉服#二次元衍生#二次元,,,知竹zZ,
225e35e3,抖音,https://www.douyin.com/video/7026315608270572832,"从前是为师不解风情，如今，何苦还要克制那七情六欲？ 
出演:@圻夏夏 @扎心雷同学",2021/11/03,0,21085,647,1070,653,https://p9-pc-sign.douyinpic.com/tos-cn-p-0015/a4cb6ecea51b4117bc6e128038de2fc2_1635941589~tplv-dy-360p.jpeg?lk3s=138a59ce&x-expires=1757685600&x-signature=Z3%2Bv2nTR8c1%2Fg98PnOerrDKR5Wc%3D&from=327834062&s=PackSourceEnum_AWEME_DETAIL&se=false&sc=origin_cover&biz_tag=pcweb_cover&l=202508292229139FE6B07A77589B2D0E56,#影视#电视剧剪辑#影视剪辑,https://sf5-hl-cdn-tos.douyinstatic.com/obj/ies-music/6907552514917993224.mp3,,知竹zZ,
08549367,抖音,https://www.douyin.com/video/7013709770314075403,否则会被狠狠欺负的~  出镜:@锦超 @圻夏夏,2021/09/30,0,41137,1504,2017,1747,https://p9-pc-sign.douyinpic.com/tos-cn-p-0015/2918a8a0ed014f28b98f8f661e8e77ac_1633006564~tplv-dy-360p.jpeg?lk3s=138a59ce&x-expires=1757685600&x-signature=WzHPx4V8W8q%2F22zIdf%2F7Y4SCmts%3D&from=327834062&s=PackSourceEnum_AWEME_DETAIL&se=false&sc=origin_cover&biz_tag=pcweb_cover&l=2025082922291933E2D6481DBC95356039,#生活记录#日常vlog#随拍,,,知竹zZ,
68bb59aa,抖音,https://www.douyin.com/video/7004018460787248422,看尽富贵繁华，不过如此。 出镜:@圻夏夏,2021/09/04,0,16184,428,905,360,https://p9-pc-sign.douyinpic.com/tos-cn-p-0015/afb835e841d24b8dac480006161c5c21_1630750131~tplv-dy-360p.jpeg?lk3s=138a59ce&x-expires=1757685600&x-signature=700yZJdpD7ZGBZ8fdVPLDZPG2K0%3D&from=327834062&s=PackSourceEnum_AWEME_DETAIL&se=false&sc=origin_cover&biz_tag=pcweb_cover&l=2025082922292181A4CA5C47EBF734989C,#汉服#二次元衍生#二次元,https://sf3-cdn-tos.douyinstatic.com/obj/ies-music/6971366619742276365.mp3,,知竹zZ,
935d75f6,抖音,https://www.douyin.com/video/6999149211639991556,“我没醉……”。出镜:@圻夏夏 @锦超,2021/08/22,0,18250,826,1301,609,https://p9-pc-sign.douyinpic.com/tos-cn-p-0015/ec253f36509f4e8d96cda33a3498f808_1629616420~tplv-dy-360p.jpeg?lk3s=138a59ce&x-expires=1757685600&x-signature=yF9reCPvgiyE6Q0Js4smhuaE4oQ%3D&from=327834062&s=PackSourceEnum_AWEME_DETAIL&se=false&sc=origin_cover&biz_tag=pcweb_cover&l=2025082922292313701075D19B332F4BD0,,https://sf5-hl-cdn-tos.douyinstatic.com/obj/ies-music/6999149215251172109.mp3,,知竹zZ,
43f25581,抖音,https://www.douyin.com/video/6995177135434386692,从今天起，我就是你的主人。出镜：@圻夏夏 @锦超,2021/08/11,0,187165,8910,7600,3977,https://p9-pc-sign.douyinpic.com/tos-cn-p-0015/ed70ec21ea304218b531a2160a0356a0_1628691599~tplv-dy-360p.jpeg?lk3s=138a59ce&x-expires=1757685600&x-signature=RVatBFK%2Fn1m1bYbTeNagw4Ga13s%3D&from=327834062&s=PackSourceEnum_AWEME_DETAIL&se=false&sc=origin_cover&biz_tag=pcweb_cover&l=202508292229238997472A90DDFA280137,,,,知竹zZ,
072f4171,抖音,https://www.douyin.com/video/6971403869062450464,双A御姐组合yyds！出镜:@圻夏夏 @圣微,2021/06/08,0,456768,38796,9610,8038,https://p9-pc-sign.douyinpic.com/tos-cn-p-0015/51e240637db448269c75464b1fbff799_1623156456~tplv-dy-360p.jpeg?lk3s=138a59ce&x-expires=1757685600&x-signature=bUp1WuAAzEondIM056DbaPx733k%3D&from=327834062&s=PackSourceEnum_AWEME_DETAIL&se=false&sc=origin_cover&biz_tag=pcweb_cover&l=202508292229267E01A700766F5A2836CE,,,,知竹zZ,
76dfb20e,抖音,https://www.douyin.com/video/6948255955805097227,“到头来，只有你还在我身边。”出镜:@圻夏夏 @锦超  恶人组后续~,2021/04/07,0,63972,1588,1429,1552,https://p9-pc-sign.douyinpic.com/tos-cn-p-0015/1c48ddbd90f045c0939661c844f8efba_1617766923~tplv-dy-360p.jpeg?lk3s=138a59ce&x-expires=1757685600&x-signature=6UjZdU%2FL6ZjN1EwAfyl%2FN1RqCY8%3D&from=327834062&s=PackSourceEnum_AWEME_DETAIL&se=false&sc=origin_cover&biz_tag=pcweb_cover&l=20250829222932FF4EBCD1C37391350C7F,,https://sf5-hl-cdn-tos.douyinstatic.com/obj/ies-music/6939093603688221471.mp3,,知竹zZ,
44e2ddd6,抖音,https://www.douyin.com/video/6945334024957218051,美艳反派 x 年下小狼狗，恶人组合嗑吗？出镜:@圻夏夏 @锦超,2021/03/30,0,263680,12185,4399,7500,https://p9-pc-sign.douyinpic.com/tos-cn-p-0015/28c12dc23fc046d18a91ad58c2daca45_1617086600~tplv-dy-360p.jpeg?lk3s=138a59ce&x-expires=1757685600&x-signature=htJPFsmH4XOZtq163MxTk1ldgBY%3D&from=327834062&s=PackSourceEnum_AWEME_DETAIL&se=false&sc=origin_cover&biz_tag=pcweb_cover&l=202508292229325500F60988DC3B2E5915,,https://sf5-hl-cdn-tos.douyinstatic.com/obj/ies-music/6945334063775386405.mp3,,知竹zZ,
5dd92999,抖音,https://www.douyin.com/video/6931670856145964300,不同风格的夏夏，你最爱哪种~！出镜:@圻夏夏,2021/02/21,0,28169,1026,838,558,https://p9-pc-sign.douyinpic.com/tos-cn-p-0015/dce8e12f893b413bb109ced501827fa9_1613905409~tplv-dy-360p.jpeg?lk3s=138a59ce&x-expires=1757685600&x-signature=mK2T%2BSZuODc2lhSY%2FLruqdqRFO0%3D&from=327834062&s=PackSourceEnum_AWEME_DETAIL&se=false&sc=origin_cover&biz_tag=pcweb_cover&l=2025082922293696E91B9A52E22226E21D,,,,知竹zZ,
df87d023,抖音,https://www.douyin.com/video/6918995041302170891,谁不喜欢看漂亮姐姐们争奇斗艳呢~！出镜:@圻夏夏 @圣微,2021/01/18,0,18877,902,824,467,https://p9-pc-sign.douyinpic.com/tos-cn-p-0015/4939d6f2949a4b73ac5c4d939f673385_1610954097~tplv-dy-360p.jpeg?lk3s=138a59ce&x-expires=1757685600&x-signature=f%2BnvrX5qCMXrjWa2hCiZe%2BXoY%2Bg%3D&from=327834062&s=PackSourceEnum_AWEME_DETAIL&se=false&sc=origin_cover&biz_tag=pcweb_cover&l=202508292229463BB8F3F132392D3520B4,,https://sf5-hl-cdn-tos.douyinstatic.com/obj/ies-music/6918995141789223687.mp3,,知竹zZ,
71e6c2d3,抖音,https://www.douyin.com/video/6912002857612954883,“姐姐，那个位置是我的。”“……那就看你，有没有本事得到。”出镜:@圻夏夏 @圣微,2020/12/30,0,456911,32537,12858,13192,https://p3-pc-sign.douyinpic.com/tos-cn-p-0015/5acec3f96b64499cb427cfa7389aa08a_1609326092~tplv-dy-360p.jpeg?lk3s=138a59ce&x-expires=1757685600&x-signature=KpX3oyFM%2BerXpVcA%2Fg7BLP8mlvc%3D&from=327834062&s=PackSourceEnum_AWEME_DETAIL&se=false&sc=origin_cover&biz_tag=pcweb_cover&l=202508292229473BA78462BD2DDF270D2C,,https://sf5-hl-cdn-tos.douyinstatic.com/obj/ies-music/6912002932024789773.mp3,,知竹zZ,
33d4c854,抖音,https://www.douyin.com/video/6890802141057928460,给夏夏拍了甄宓的仿妆，表情抓住精髓了！出镜:@圻夏夏,2020/11/03,0,21839,554,326,434,https://p9-pc-sign.douyinpic.com/tos-cn-p-0015/688f553928aa429b993304436c6417eb_1604389905~tplv-dy-360p.jpeg?lk3s=138a59ce&x-expires=1757685600&x-signature=4Xn2PNEh3NFGZbkuF78eu4YNEeI%3D&from=327834062&s=PackSourceEnum_AWEME_DETAIL&se=false&sc=origin_cover&biz_tag=pcweb_cover&l=20250829222952746F30A2327B2127902E,,https://sf5-hl-cdn-tos.douyinstatic.com/obj/ies-music/6890802162675305224.mp3,,知竹zZ,
0e0277b0,抖音,https://www.douyin.com/video/6890378800908029187,是下山前无忧无虑的小师姐，还没有开虐前的温柔时光呀。出镜:@圻夏夏,2020/11/02,0,17259,602,896,421,https://p9-pc-sign.douyinpic.com/tos-cn-p-0015/2e1c9af89ab242b6b45cff62b827fc91_1604291338~tplv-dy-360p.jpeg?lk3s=138a59ce&x-expires=1757685600&x-signature=Go0wvK7qjD7HmYKMpoP%2BQXnqWgk%3D&from=327834062&s=PackSourceEnum_AWEME_DETAIL&se=false&sc=origin_cover&biz_tag=pcweb_cover&l=20250829222953F68E7C3A8F8ECB2D92C6,,,,知竹zZ,
d4e87ded,抖音,https://www.douyin.com/video/6861861521979460875,梦里，依稀记得那个温柔至极的江南姑娘。出镜:@圻夏夏,2020/08/17,0,25735,1284,1636,696,https://p9-pc-sign.douyinpic.com/tos-cn-p-0015/517f048c4df34e7cbe72cd20eff5dc7a_1597651638~tplv-dy-360p.jpeg?lk3s=138a59ce&x-expires=1757685600&x-signature=0s2lLo2mz8fU4SDlvNt%2F8i18WFw%3D&from=327834062&s=PackSourceEnum_AWEME_DETAIL&se=false&sc=origin_cover&biz_tag=pcweb_cover&l=202508292229584B15C8FF6DEBEA342ACC,,https://sf5-hl-cdn-tos.douyinstatic.com/obj/ies-music/6845595636272728840.mp3,,知竹zZ,
e86bf5b3,抖音,https://www.douyin.com/video/6861111224457760012,是绝美回眸了~！出镜: @圻夏夏,2020/08/15,0,387652,33509,12508,7548,https://p9-pc-sign.douyinpic.com/tos-cn-p-0015/6b67a487a92841cfad2a2763adf7a3d5_1597476946~tplv-dy-360p.jpeg?lk3s=138a59ce&x-expires=1757685600&x-signature=WF60fKXYGVFjQ5S3lWN5n4St5aA%3D&from=327834062&s=PackSourceEnum_AWEME_DETAIL&se=false&sc=origin_cover&biz_tag=pcweb_cover&l=20250829222959C3731C2C68D4EA2F6039,,https://sf5-hl-cdn-tos.douyinstatic.com/obj/ies-music/6848930209056541453.mp3,,知竹zZ,
00307048,抖音,https://www.douyin.com/video/6860855082494332172,高温拍打戏，大家也是很拼了~！出镜: @圻夏夏  @庄翰_Roya,2020/08/14,0,12813,464,737,242,https://p9-pc-sign.douyinpic.com/tos-cn-p-0015/3ac865c3d0ed437da7dffd6cdf10dd58_1597417309~tplv-dy-360p.jpeg?lk3s=138a59ce&x-expires=1757685600&x-signature=aCMBDYHK3coH%2FNcxu2VZVUDDewc%3D&from=327834062&s=PackSourceEnum_AWEME_DETAIL&se=false&sc=origin_cover&biz_tag=pcweb_cover&l=20250829223000DCB868AD2E993B35BBA2,,https://sf6-cdn-tos.douyinstatic.com/obj/ies-music/678312e75ee0d7d5b32458b498d228c1.mp3,,知竹zZ,
74133727,抖音,https://www.douyin.com/video/7537435968384044347,"好久不见。想要好好睡一觉
总说忙完这一阵子
可是这一阵子又下一阵子
#出马剧组
@圻夏夏唉 @锦超",2025/08/12,0,153,49,12,8,,#出马剧组,https://sf5-hl-cdn-tos.douyinstatic.com/obj/tos-cn-ve-2774/oc1aEty0gakZCQqrmRYfXmF0ttBRQVfVBcUwDu,,《出马》剧组,
887cd499,抖音,https://www.douyin.com/video/7521726384851438867,导演版片花 #出马剧组 @锦超 @圻夏夏 @苑琼丹（石榴姐）,2025/06/30,0,158,95,27,14,https://p9-pc-sign.douyinpic.com/tos-cn-p-0015/oMfosH91ARDYoirE4iFZwItnAfIBIgB9o9DNHA~tplv-dy-360p.jpeg?lk3s=138a59ce&x-expires=1757685600&x-signature=o%2B%2FylxoD9p%2BIRPhYxQ0HZtgmIEA%3D&from=327834062&s=PackSourceEnum_AWEME_DETAIL&se=false&sc=origin_cover&biz_tag=pcweb_cover&l=20250829223205C3B1E5BA3D0BD13360DD,#影视#电影剪辑#出马剧组#影视剪辑,https://lf26-music-east.douyinstatic.com/obj/ies-music-hj/7521726606059391802.mp3,,《出马》剧组,
42dca7cb,抖音,https://www.douyin.com/video/7517811635680038202,杀青特辑1#出马剧组 #锦超圻夏夏 @锦超 @圻夏夏,2025/06/20,0,161,50,13,11,https://p9-pc-sign.douyinpic.com/tos-cn-p-0015c000-ce/okQpQHEH9QlVALDoLFScf7AgOFzAmEJwenKeCA~tplv-dy-360p.jpeg?lk3s=138a59ce&x-expires=1757685600&x-signature=cGySLqImkDgaRnUIzddwHV1mBgA%3D&from=327834062&s=PackSourceEnum_AWEME_DETAIL&se=false&sc=origin_cover&biz_tag=pcweb_cover&l=2025082922320609A2F31B56920630041A,#影视剪辑#影视#电视剧剪辑#锦超圻夏夏#出马剧组,https://lf3-music-east.douyinstatic.com/obj/ies-music-hj/7517811653996579641.mp3,,《出马》剧组,
62ee9fd3,抖音,https://www.douyin.com/video/7517175322950176060,来啦@锦超 @圻夏夏 #出马剧组,2025/06/18,0,116,17,6,10,https://p9-pc-sign.douyinpic.com/tos-cn-p-0015c000-ce/oolyI1CQJgnIY97edQEy8DdASrMMpWf3L8eXmB~tplv-dy-360p.jpeg?lk3s=138a59ce&x-expires=1757685600&x-signature=fyPVHOMFpQn%2F%2BEvuxU2yrM%2BWNDg%3D&from=327834062&s=PackSourceEnum_AWEME_DETAIL&se=false&sc=origin_cover&biz_tag=pcweb_cover&l=20250829223206D83C648E201FEA27AA08,#出马剧组#明星八卦#片场演绎,https://lf26-music-east.douyinstatic.com/obj/ies-music-hj/7517175354742754108.mp3,,《出马》剧组,
1c9a65f3,抖音,https://www.douyin.com/video/7515742495859887418,目前为止小马哥的私藏最爱#锦超圻夏夏#苑琼丹石榴姐 #出马剧组,2025/06/14,0,677,81,29,130,https://p9-pc-sign.douyinpic.com/tos-cn-p-0015c000-ce/oMJTLQoCEY9IB7L7LrgNZfA8FHgegBI1O0mgfG~tplv-dy-360p.jpeg?lk3s=138a59ce&x-expires=1757685600&x-signature=qoXxIXo4cnbuSj9qNQv%2FUxvnE%2B0%3D&from=327834062&s=PackSourceEnum_AWEME_DETAIL&se=false&sc=origin_cover&biz_tag=pcweb_cover&l=202508292232076A5DA17831CD2035C226,#明星八卦#明星随拍资讯#苑琼丹石榴姐#锦超圻夏夏#出马剧组,https://lf26-music-east.douyinstatic.com/obj/ies-music-hj/7515742507716660028.mp3,,《出马》剧组,
630515fd,抖音,https://www.douyin.com/video/7514626698748874042,女艺人片场挨打 男朋友霸道护妻#锦超圻夏夏#出马剧组,2025/06/11,0,60,33,8,2,https://p9-pc-sign.douyinpic.com/tos-cn-p-0015c000-ce/o0TbIeFB6Ne27tbJEDDAIDSu9VowUC5ATVECfG~tplv-dy-360p.jpeg?lk3s=138a59ce&x-expires=1757685600&x-signature=ix8jWNfdyC4dsxYNdb8xh91pz6k%3D&from=327834062&s=PackSourceEnum_AWEME_DETAIL&se=false&sc=origin_cover&biz_tag=pcweb_cover&l=20250829223208965C16F66226572ECEF6,#出马剧组#明星八卦#锦超圻夏夏#片场演绎,https://lf3-music-east.douyinstatic.com/obj/ies-music-hj/7514626747862616890.mp3,,《出马》剧组,
7011fb5e,抖音,https://www.douyin.com/video/7514610814122659132,石榴姐的加入让整个画风都变得有质感了#锦超圻夏夏 #出马剧组 #苑琼丹石榴姐,2025/06/11,0,56,20,11,4,https://p3-pc-sign.douyinpic.com/tos-cn-p-0015c000-ce/oYurJAYjKeD9ViI0xJifECw2sQ1KFsIFehB7AB~tplv-dy-360p.jpeg?lk3s=138a59ce&x-expires=1757685600&x-signature=5%2BWEkOai4jfPYWSotqJbijOpJpc%3D&from=327834062&s=PackSourceEnum_AWEME_DETAIL&se=false&sc=origin_cover&biz_tag=pcweb_cover&l=20250829223209C0F9AB7C87C18C30222D,#影视剪辑#苑琼丹石榴姐#影视#电视剧剪辑#锦超圻夏夏#出马剧组,https://lf3-music-east.douyinstatic.com/obj/ies-music-hj/7514610054104976187.mp3,,《出马》剧组,
a3d766f1,抖音,https://www.douyin.com/video/7514389244942994746,日常牛马#锦超圻夏夏#出马剧组,2025/06/11,0,61,20,11,3,https://p9-pc-sign.douyinpic.com/tos-cn-p-0015c000-ce/oYePQJAAHdMSgZA7BiiBCuAQx8WV7kAQWfLZ8f~tplv-dy-360p.jpeg?lk3s=138a59ce&x-expires=1757685600&x-signature=ARKv9aXdTOR5Kndsi0uJfZOzMLY%3D&from=327834062&s=PackSourceEnum_AWEME_DETAIL&se=false&sc=origin_cover&biz_tag=pcweb_cover&l=202508292232096D75745513B1472E5C5C,#影视剪辑#影视#电视剧剪辑#锦超圻夏夏#出马剧组,https://lf9-music-east.douyinstatic.com/obj/ies-music-hj/7514389351984270137.mp3,,《出马》剧组,
519c42be,抖音,https://www.douyin.com/video/7514264478034611515,加油#出马剧组#锦超圻夏夏,2025/06/10,0,53,17,4,5,https://p3-pc-sign.douyinpic.com/tos-cn-p-0015c000-ce/oUzIeAFA0IeNAsE7BCJiuREiIvBD4HAthwfH8t~tplv-dy-360p.jpeg?lk3s=138a59ce&x-expires=1757685600&x-signature=dUDBK3sQouqnkfDHa%2Bzl5Tv9%2Foc%3D&from=327834062&s=PackSourceEnum_AWEME_DETAIL&se=false&sc=origin_cover&biz_tag=pcweb_cover&l=20250829223210B675707DF4185327D87C,#影视剪辑#影视#电视剧剪辑#锦超圻夏夏#出马剧组,https://lf26-music-east.douyinstatic.com/obj/ies-music-hj/7514264520060111673.mp3,,《出马》剧组,
bfccd3e8,抖音,https://www.douyin.com/video/7514106210788183354,从开机到现在工作人员以及演员每天都为了完成作品每天工作20个小时，尽管制片组争取保证大家收工后有8个小时睡眠时间，但是个别各种比如场务、灯光、美术组还是因为工作的原因只能睡两到三个小时，演员们因为卸头套卸妆也几乎没有太多睡眠时间，但是大家在现场都没有怨言，最忙的时候甚至没有放饭时间，只能轮流吃饭，摄影指导和导演每天揣着速效救心丸和胃药在工作，化妆组每天也顶着黑眼圈在现场忙碌，一批一批的人累倒，一批一批的人离开，一批一批的人补上，大家见面的第一句话便是明天见，我们经历了月香阁，聚仙馆，明晰村，当归药铺，幽冥宗，百乐门，警察署，依旧艰难的追赶进度，力求完美，每个天明大家都疲惫离开现场，每个下午大家又如期而至，出马即将杀青，我们还在路上#锦超圻夏夏 #出马剧组,2025/06/10,0,53,18,8,3,https://p3-pc-sign.douyinpic.com/tos-cn-p-0015c000-ce/oUgQjHDNQJCEQq9yfBAgQfLF6uOeMQjq6v3787~tplv-dy-360p.jpeg?lk3s=138a59ce&x-expires=1757685600&x-signature=hRTKW2XKZ6EZw7Nn7nVg75Zz0E4%3D&from=327834062&s=PackSourceEnum_AWEME_DETAIL&se=false&sc=origin_cover&biz_tag=pcweb_cover&l=20250829223211B853D4D76F07F535104D,#影视剪辑#影视#电视剧剪辑#锦超圻夏夏#出马剧组,https://lf9-music-east.douyinstatic.com/obj/ies-music-hj/7514106273244236601.mp3,,《出马》剧组,
0bb5ac8e,抖音,https://www.douyin.com/video/7513889645139103036,七星汇聚 斩妖除魔#锦超圻夏夏#出马剧组,2025/06/09,0,56,52,5,2,https://p9-pc-sign.douyinpic.com/tos-cn-p-0015c000-ce/owJ5fADRMZyEaF9son9tKHeAwQWNCMfQCD9rEz~tplv-dy-360p.jpeg?lk3s=138a59ce&x-expires=1757685600&x-signature=O80I7ZllkHYp34Z7HVMiLCRSNsY%3D&from=327834062&s=PackSourceEnum_AWEME_DETAIL&se=false&sc=origin_cover&biz_tag=pcweb_cover&l=202508292232112175058EB2AF642770F9,#影视剪辑#影视#电视剧剪辑#锦超圻夏夏#出马剧组,https://lf3-music-east.douyinstatic.com/obj/ies-music-hj/7513889766958517049.mp3,,《出马》剧组,
c94f933f,抖音,https://www.douyin.com/video/7512824428134337851,大家都很累 大家都很快乐#锦超圻夏夏 #出马剧组,2025/06/06,0,79,48,6,11,https://p3-pc-sign.douyinpic.com/tos-cn-p-0015c000-ce/oI61AH2eQSJCSpFFClLIgPGRBhA7vfyQQHen8d~tplv-dy-360p.jpeg?lk3s=138a59ce&x-expires=1757685600&x-signature=JHixSYZYU7rcCh712OaVKUZV55g%3D&from=327834062&s=PackSourceEnum_AWEME_DETAIL&se=false&sc=origin_cover&biz_tag=pcweb_cover&l=20250829223212D86566BA4A09DD2F2694,#出马剧组#明星八卦#锦超圻夏夏#明星随拍资讯,https://lf3-music-east.douyinstatic.com/obj/ies-music-hj/7512824464246049594.mp3,,《出马》剧组,
0608d7d9,抖音,https://www.douyin.com/video/7512815634486103353,来啦 来啦 剧组和你们的牛马驮着粮来啦#出马剧组 #锦超圻夏夏,2025/06/06,0,42,14,5,2,https://p9-pc-sign.douyinpic.com/tos-cn-p-0015c000-ce/oYC5ghGG2QQfLliOn8eC7qZggH8g4cBeAIJUaQ~tplv-dy-360p.jpeg?lk3s=138a59ce&x-expires=1757685600&x-signature=%2BGkq3YCMGJu%2F1u8VAwM5bol4dck%3D&from=327834062&s=PackSourceEnum_AWEME_DETAIL&se=false&sc=origin_cover&biz_tag=pcweb_cover&l=202508292232138D261EFF4C64F23394C3,#出马剧组#明星八卦#锦超圻夏夏#片场演绎,,,《出马》剧组,
f1e400ba,抖音,https://www.douyin.com/video/7511810978426965306,"拍摄仍在继续#锦超圻夏夏 #出马剧组 
准备放剧照了",2025/06/04,0,71,34,9,5,https://p9-pc-sign.douyinpic.com/tos-cn-p-0015c000-ce/oMl2P9DIUfgzfgbBACNgtQBLfeT0WfHwmGgLAd~tplv-dy-360p.jpeg?lk3s=138a59ce&x-expires=1757685600&x-signature=hlxiNjOeW7q9alYfpIh1PJ4G3Ws%3D&from=327834062&s=PackSourceEnum_AWEME_DETAIL&se=false&sc=origin_cover&biz_tag=pcweb_cover&l=20250829223214A82CA1445EDF7E295CCC,#出马剧组#明星八卦#锦超圻夏夏#片场演绎,https://lf3-music-east.douyinstatic.com/obj/ies-music-hj/7511811086971145017.mp3,,《出马》剧组,
4e5621f6,抖音,https://www.douyin.com/video/7511698977176702265,"第十三天啦….
#出马剧组#锦超圻夏夏",2025/06/03,0,74,35,6,4,https://p3-pc-sign.douyinpic.com/tos-cn-p-0015c000-ce/osbneAuEd4HACIQgpfLeTFAdY6AGQeQz2PG4D1~tplv-dy-360p.jpeg?lk3s=138a59ce&x-expires=1757685600&x-signature=Z9373pxtSUh12m31lXCGVUo%2B3vQ%3D&from=327834062&s=PackSourceEnum_AWEME_DETAIL&se=false&sc=origin_cover&biz_tag=pcweb_cover&l=20250829223215797F60B73BEE1F38470A,#出马剧组#明星八卦#锦超圻夏夏#片场演绎,https://lf3-music-east.douyinstatic.com/obj/ies-music-hj/7511699021505858364.mp3,,《出马》剧组,
fcab9114,抖音,https://www.douyin.com/video/7510983284844465467,雪#锦超圻夏夏 #出马剧组,2025/06/01,0,88,28,6,7,https://p3-pc-sign.douyinpic.com/tos-cn-p-0015c000-ce/oETlEifDeQ1J9yoAvXF08PnF8C4ANE96FGedQw~tplv-dy-360p.jpeg?lk3s=138a59ce&x-expires=1757685600&x-signature=3AWnOEPPtGLsVndrpU2y2ycF7oM%3D&from=327834062&s=PackSourceEnum_AWEME_DETAIL&se=false&sc=origin_cover&biz_tag=pcweb_cover&l=20250829223216A50B1D9CC66E06361455,#出马剧组#明星八卦#锦超圻夏夏#片场演绎,https://lf9-music-east.douyinstatic.com/obj/ies-music-hj/7510983291592248122.mp3,,《出马》剧组,
37500c26,抖音,https://www.douyin.com/video/7510894727143755068,"小朋友们大朋友们六一快乐
新服装出现#锦超圻夏夏 #锦超 #圻夏夏#出马剧组",2025/06/01,0,229,53,10,24,https://p3-pc-sign.douyinpic.com/tos-cn-p-0015c000-ce/ogXhIIDzPoqEADiDiC2Ix8rwMPAaBXOwvJwIY~tplv-dy-360p.jpeg?lk3s=138a59ce&x-expires=1757685600&x-signature=GTtDmSHsiPZcNulugHh0EGb0Tts%3D&from=327834062&s=PackSourceEnum_AWEME_DETAIL&se=false&sc=origin_cover&biz_tag=pcweb_cover&l=202508292232160E32ABE4CFE555287F31,#影视剪辑#影视#电视剧剪辑#圻夏夏#锦超#锦超圻夏夏#出马剧组,https://lf9-music-east.douyinstatic.com/obj/ies-music-hj/7510894744466230073.mp3,,《出马》剧组,
7f35d0d9,抖音,https://www.douyin.com/video/7510581237275938108,端午安康#锦超圻夏夏 #出马剧组 #端午节安康,2025/05/31,0,47,28,7,2,https://p9-pc-sign.douyinpic.com/tos-cn-p-0015c000-ce/ooI2peQ1axMWbcG1FAewLeA4HaQ77ZkfT86g4D~tplv-dy-360p.jpeg?lk3s=138a59ce&x-expires=1757685600&x-signature=yjOHD15HbbVjFbE1EQRAzfhVqpM%3D&from=327834062&s=PackSourceEnum_AWEME_DETAIL&se=false&sc=origin_cover&biz_tag=pcweb_cover&l=20250829223218FED58951E00E9F2FD816,#明星八卦#端午节安康#片场演绎#锦超圻夏夏#出马剧组,https://lf9-music-east.douyinstatic.com/obj/ies-music-hj/7510581249585449787.mp3,,《出马》剧组,
b0a752e3,抖音,https://www.douyin.com/video/7510264798916693307,这个点没人了吧 小马哥溜走#锦超圻夏夏 #出马剧组,2025/05/30,0,60,37,5,1,https://p9-pc-sign.douyinpic.com/tos-cn-p-0015c000-ce/oIQcDKESgF6cC4tBgNSnfJAZN7LEf8eX3gQGNI~tplv-dy-360p.jpeg?lk3s=138a59ce&x-expires=1757685600&x-signature=iMdG4aMotrRVNhos1LtzY6BcHfw%3D&from=327834062&s=PackSourceEnum_AWEME_DETAIL&se=false&sc=origin_cover&biz_tag=pcweb_cover&l=20250829223219C7C3B875817B873050A8,#出马剧组#明星八卦#锦超圻夏夏#片场演绎,https://lf3-music-east.douyinstatic.com/obj/ies-music-hj/7510264839780993852.mp3,,《出马》剧组,
433a81b8,抖音,https://www.douyin.com/video/7510183331385576763,小马哥抖抖#锦超圻夏夏 #出马剧组,2025/05/30,0,89,26,11,6,https://p9-pc-sign.douyinpic.com/tos-cn-p-0015c000-ce/oQlQgacQsKIDJzQKiFwVBgEgzDhffjAJ7GCeJ8~tplv-dy-360p.jpeg?lk3s=138a59ce&x-expires=1757685600&x-signature=YCjCgX0sJZECi%2F1XNK3jIFl7XdE%3D&from=327834062&s=PackSourceEnum_AWEME_DETAIL&se=false&sc=origin_cover&biz_tag=pcweb_cover&l=202508292232196271B38DB723AC2EF084,#影视剪辑#影视#电视剧剪辑#锦超圻夏夏#出马剧组,https://lf9-music-east.douyinstatic.com/obj/ies-music-hj/7510183360292064058.mp3,,《出马》剧组,
0816d8e5,抖音,https://www.douyin.com/video/7509832790561901881,醒来第一件事情#锦超圻夏夏 #锦超#圻夏夏#出马剧组,2025/05/29,0,64,21,11,3,https://p3-pc-sign.douyinpic.com/tos-cn-p-0015c000-ce/owiRSzh0HAuzEksDi6qCAeSCel4fIF8SAVEwIB~tplv-dy-360p.jpeg?lk3s=138a59ce&x-expires=1757685600&x-signature=tHc9etrJJ3YlEHXjKy0Hlsa87Hc%3D&from=327834062&s=PackSourceEnum_AWEME_DETAIL&se=false&sc=origin_cover&biz_tag=pcweb_cover&l=20250829223220E986DD46738B012E5EEC,#影视剪辑#影视#电视剧剪辑#圻夏夏#锦超#锦超圻夏夏#出马剧组,https://lf3-music-east.douyinstatic.com/obj/ies-music-hj/7509832824996842299.mp3,,《出马》剧组,
53e261e5,抖音,https://www.douyin.com/video/7509734539490004284,我不累 我骗你的#锦超圻夏夏 #出马剧组,2025/05/29,0,46,12,5,2,https://p9-pc-sign.douyinpic.com/tos-cn-p-0015c000-ce/o89Citsfc3GQFJAfIe8i77qDgEYB8yDd4MbrIu~tplv-dy-360p.jpeg?lk3s=138a59ce&x-expires=1757685600&x-signature=kL5TG%2B%2BXoJ4gJG16IVhp%2FyAHuc8%3D&from=327834062&s=PackSourceEnum_AWEME_DETAIL&se=false&sc=origin_cover&biz_tag=pcweb_cover&l=2025082922322075FFB9E46585AC2992E4,#出马剧组#明星八卦#锦超圻夏夏#片场演绎,https://lf3-music-east.douyinstatic.com/obj/ies-music-hj/7509734560641321785.mp3,,《出马》剧组,
95c3f559,抖音,https://www.douyin.com/video/7509734383898070330,刚收工#锦超圻夏夏 #出马剧组,2025/05/29,0,36,15,7,2,https://p9-pc-sign.douyinpic.com/tos-cn-p-0015c000-ce/ocveIAvXl3gT8tF3PQCgIp17wDi6E0AfGmBezi~tplv-dy-360p.jpeg?lk3s=138a59ce&x-expires=1757685600&x-signature=eBMGGZuQPR9m0r%2BKnHHi5LbpmOE%3D&from=327834062&s=PackSourceEnum_AWEME_DETAIL&se=false&sc=origin_cover&biz_tag=pcweb_cover&l=202508292232218EC6EF83EEFC3835C375,#影视剪辑#影视#电视剧剪辑#锦超圻夏夏#出马剧组,https://lf3-music-east.douyinstatic.com/obj/ies-music-hj/7509734416499919675.mp3,,《出马》剧组,
ac29c71b,抖音,https://www.douyin.com/video/7509485485157698875,小马哥累成老马哥#圻夏夏#锦超#出马剧组,2025/05/28,0,61,49,11,3,https://p9-pc-sign.douyinpic.com/tos-cn-p-0015c000-ce/oYZ0GEBqIECiE89qfAAwIgWi243V5LuWUTAeeD~tplv-dy-360p.jpeg?lk3s=138a59ce&x-expires=1757685600&x-signature=DQB4Xo4Rw7gMQY0SH5KUEYIknWw%3D&from=327834062&s=PackSourceEnum_AWEME_DETAIL&se=false&sc=origin_cover&biz_tag=pcweb_cover&l=2025082922322288B1A7AD7EFC6E32F3F5,#明星八卦#圻夏夏#片场演绎#锦超#出马剧组,https://lf9-music-east.douyinstatic.com/obj/ies-music-hj/7509485498209946427.mp3,,《出马》剧组,
43f65f05,抖音,https://www.douyin.com/video/7509461132739480890,小马哥报道 是谁在等我#锦超#圻夏夏#出马剧组#横店大雨,2025/05/28,0,32,23,7,1,https://p9-pc-sign.douyinpic.com/tos-cn-p-0015c000-ce/og2n2dJB7IhAy8GfesIDK6DQH7UFEJJdCgGf9b~tplv-dy-360p.jpeg?lk3s=138a59ce&x-expires=1757685600&x-signature=7hv6BzJQNI6vcu%2FEWCIh55be%2FHo%3D&from=327834062&s=PackSourceEnum_AWEME_DETAIL&se=false&sc=origin_cover&biz_tag=pcweb_cover&l=2025082922322209D273D6CBF656332D4B,#影视剪辑#横店大雨#影视#电视剧剪辑#圻夏夏#锦超#出马剧组,https://lf3-music-east.douyinstatic.com/obj/ies-music-hj/7509461160790477628.mp3,,《出马》剧组,
b10ad636,抖音,https://www.douyin.com/video/7509131870748200252,是谁在等小马哥呀#锦超 #圻夏夏#出马剧组,2025/05/27,0,60,43,8,3,https://p9-pc-sign.douyinpic.com/tos-cn-p-0015c000-ce/oIRQ6tG7EDyN1e21UiFswiQE9AixGnLfAfCoWc~tplv-dy-360p.jpeg?lk3s=138a59ce&x-expires=1757685600&x-signature=Ypx8ATRIFKjuOeCAHr1AchEvDGw%3D&from=327834062&s=PackSourceEnum_AWEME_DETAIL&se=false&sc=origin_cover&biz_tag=pcweb_cover&l=2025082922322395360F203A10CB356212,#明星八卦#圻夏夏#片场演绎#锦超#出马剧组,https://lf9-music-east.douyinstatic.com/obj/ies-music-hj/7509131882597026619.mp3,,《出马》剧组,
dfc3e85c,抖音,https://www.douyin.com/video/7509039093293583673,"小马哥来报
开机第六天了#锦超 #圻夏夏#出马剧组 #民俗",2025/05/27,0,74,52,12,6,https://p3-pc-sign.douyinpic.com/tos-cn-p-0015c000-ce/oMB1HLgaeAIrZ3QyDG7Qe0CFdIJ8LBxe4u7IEj~tplv-dy-360p.jpeg?lk3s=138a59ce&x-expires=1757685600&x-signature=jVjLwCmaU6pMVN8qN%2FDdUnOmmQ8%3D&from=327834062&s=PackSourceEnum_AWEME_DETAIL&se=false&sc=origin_cover&biz_tag=pcweb_cover&l=20250829223223D3E0EDCB91DA70287735,#明星八卦#圻夏夏#片场演绎#锦超#民俗#出马剧组,https://lf26-music-east.douyinstatic.com/obj/ies-music-hj/7509039132727954233.mp3,,《出马》剧组,
87fe2544,抖音,https://www.douyin.com/video/7507876072551451963,"开机官宣。当归药铺                马到成功
【装】神【弄】鬼      所向披靡 
#锦超 #圻夏夏#锦超圻夏夏 #出马剧组 #民俗",2025/05/24,0,221,48,51,28,,#圻夏夏#民俗#锦超#锦超圻夏夏#出马剧组,https://sf5-hl-cdn-tos.douyinstatic.com/obj/tos-cn-ve-2774/oI1IaKk1hfFEEfIAUzSzEf5LGBbQxHG86BotCI,,《出马》剧组,
1810b770,小红书,https://www.xiaohongshu.com/explore/621d9e3c000000002103cf53?xsec_token=ABjv25bbMUAbRRIgJ8n7TNEZY5dQxDdYavRRZdrQO6zJs=&xsec_source=pc_search,最先动心的人，注定是输家。,2022/03/01,0,80000,1039,3412,80000,,#长公主在上,,,知竹zZ,
e09d4d4e,小红书,https://www.xiaohongshu.com/explore/6210c14e000000000102adb0?xsec_token=ABk7mpZa_1IRvM86pRVZp2cCuSaWsPty_0u1n_FJi44vA=&xsec_source=pc_search,卧底小侍卫彻底丢盔弃甲，公主太会撩了！,2022/02/19,0,34000,400,631,34000,,#长公主在上,,,知竹zZ,
41ed940a,小红书,https://www.xiaohongshu.com/explore/689c69a6000000001d01a51a?xsec_token=ABTlt_TkvtlZhf2hXPDNkka3ZVcG2mcxP7D-6ZUG3yJO0=&xsec_source=pc_search,谁人都不及贵妃娘娘凤仪万千~,2025/08/14,0,757,59,39,757,,#盛世天下#NewOneStudio#盛世天下定档9月#盛世天下韦贵妃#圻夏夏,,,盛世天下,
95b66ca7,小红书,https://www.xiaohongshu.com/explore/68764f0000000000170372ea?xsec_token=AB8PY8s5nes2aO1RpAhPRHDfwqrptpjghsUswz-VeVCvU=&xsec_source=pc_search,不心动挑战击败0人，你也来试试吧？！,2025/07/15,0,807,60,60,807,,#盛世天下#互动影游盛世天下首曝#NewOneStudio#黄羿#林小宅#圻夏夏#胡亦瑶#圣微,,,盛世天下,
