token,count
nan,1486
古风,140
小剧场,98
短片,84
自己,68
预告,66
影视剪辑,58
影视,57
我们,55
电视剧剪辑,54
一个,49
喜欢,49
汉服,48
什么,46
专业舞蹈,45
舞蹈,45
街舞,44
怎么,43
只是,42
就是,41
剧情,39
不是,39
古风视频,38
二次元,37
浮华梦,36
二次元衍生,35
所以,34
自制,33
没有,32
原创,32
剧情演绎,31
知道,29
原来,29
快手星芒短剧,28
大家,28
以为,27
这个,27
这么,27
zz,25
还是,25
随拍,24
你们,22
可以,21
如果,20
真的,20
短剧,20
只有,20
哈哈哈,20
故事,19
ysl,19
终于,19
开始,19
其实,19
月白之时,18
人物随拍,18
可惜,18
以后,18
今天,18
现在,18
打戏,18
东西,17
一场,17
答案,17
为何,17
真是,16
不要,16
不能,16
一下,15
一定,15
长公主在上,15
短剧浮华梦,15
粉条,15
记得,15
不会,15
古装,15
事情,14
罢了,14
这次,14
爱意,14
一起,14
那个,14
恋爱,14
视频,14
遇见,14
样子,14
公主,14
因为,13
虽然,13
好像,13
无法,13
这种,13
觉得,13
人物图片轮播,12
从未,12
为了,12
小视频,12
游戏,12
相信,12
过去,12
残月,12
殊途,12
回去,12
既然,12
跳舞,11
时尚,11
哥哥,11
看看,11
不想,11
不到,11
哈哈,11
好看,11
芍药,11
红色,11
文学,10
只要,10
为什么,10
人生,10
而已,10
总会,10
姐姐,10
已经,10
如今,10
感觉,10
公子,10
曾经,9
的话,9
替身,9
下辈子,9
最后,9
可是,9
今日,9
不过,9
从来,9
下乡,9
动作,9
打架,9
到底,9
华裳九州,9
起来,9
不用,9
帮主,9
结局,9
即使,9
冒牌,9
其他剧情,9
我会,9
世间,9
roya,9
便是,9
一切,9
一天,9
没错,9
花西子,8
动心,8
黑化,8
一点,8
就算,8
孪生,8
皇子,8
别怕,8
选择,8
明星八卦,8
身边,8
一世,8
可能,8
东栏雪,8
师父,8
回家,8
地狱,8
心动,8
那么,8
永远,8
短剧东栏雪,8
作品推广,8
日常,8
哈哈哈哈,8
居然,7
居家,7
不敢,7
错过,7
哪里,7
明星随拍资讯,7
拍摄,7
一直,7
再也,7
帅哥,7
怎么办,7
爱情,7
一样,7
出现,7
一生,7
衣服,7
如何,7
相爱,7
回来,7
阿爹,7
生气,7
助手,7
有心,7
办法,6
还有,6
报仇,6
摄影,6
几百年,6
笑话,6
赠之芍药爱以余生,6
后悔,6
传说,6
希望,6
幸运,6
保护,6
发生,6
两个,6
听说,6
杀人,6
是不是,6
他们,6
从来不,6
开心,6
人间,6
那天,6
缚鸡之力,6
但是,6
主动,6
高兴,6
一只,6
寄生,6
万一,6
约定,6
没什么,6
阿玛尼七夕,6
一次,6
结果,6
爱恨,6
dou,6
大人,6
夜夜,6
阿七,6
善恶,6
心里,6
弟弟,6
得到,6
cosplay,6
cp,6
猎物,5
存在,5
一把,5
自信,5
芙清,5
香膏,5
在线,5
凡人,5
此刻,5
战场,5
也许,5
应该,5
春天,5
去年,5
小白兔,5
纸片人,5
对象,5
相遇,5
是因为,5
太久,5
快乐,5
想要,5
终究,5
失去,5
需要,5
宝藏,5
夏日故事大会,5
回忆,5
回应,5
一面,5
回头,5
小说,5
tf礼物,5
这么久,5
自私,5
只能,5
出来,5
鹿荼白,5
跟着,5
中国华服日,5
刻起,5
本质,5
没想到,5
而言,5
在乎,5
花皙蔻,5
长大,5
圆满,5
告诉,5
动手,5
ysl圣诞猎金派对,5
彩妆,5
护肤,5
面具,5
不知,5
真心,5
这里,5
千里,5
本事,5
好好,5
时候,5
怎么样,5
之间,5
唐宫盛宴真香,5
当然,5
突然,5
皇上,5
身体,5
意思,5
有点,5
妄念,5
bgm,5
思念,5
之后,5
ysl情人节,4
被困,4
这场,4
如此,4
客人,4
傣族,4
偷心,4
害怕,4
这辈子,4
先生,4
ysl302,4
值得,4
特辑,4
地步,4
ysl1966,4
偏爱,4
偷偷,4
狐狸,4
肯定,4
哄哄,4
多人随拍,4
结尾,4
带你去,4
划水,4
才能,4
招数,4
别人,4
be,4
竟敢,4
竟然,4
剧情向,4
小丑女,4
剧毒,4
好多,4
平反,4
热烈,4
黑色,4
灵魂,4
血缘关系,4
笙歌,4
将军,4
干架,4
化作,4
找到,4
拯救,4
穿越,4
干嘛,4
走秀,4
风雨,4
mv,4
原谅,4
飞蛾扑火,4
表白,4
脑子,4
救救,4
夕阳,4
却是,4
攻略,4
女追男,4
改写,4
一介,4
老东西,4
轻易,4
私奔,4
私心,4
所谓,4
单向,4
推开,4
依旧,4
何必,4
区区,4
为主,4
可笑,4
回不去,4
狠毒,4
可爱,4
回到,4
殿下,4
隔层,4
人物,4
比较,4
不再,4
学会,4
可好,4
一见钟情,4
想来,4
道歉,4
而是,4
来到,4
小老鼠,4
此生,4
三心二意,4
遇到,4
奔赴,4
乙女,4
恶人,4
下去,4
解药,4
乞丐,4
之一,4
樱花,4
诡计多端,4
同样,4
月经,4
情人节礼物,4
情仇,4
欢迎,4
承认,4
欧莱雅20霜,4
配音,4
弄乱,4
完成,4
从前,4
玖柯9k,4
不如,4
变异,4
一年,4
一对,4
训练,4
看着,4
错觉,4
伪骨科,4
不择手段,4
变成,4
体验,4
夫诸,4
练习,4
梦幻手游盘丝洞,4
真实,4
男朋友,4
感谢,4
长久,4
一刻,4
留下,4
你好,4
不行,4
梦幻西游手游,4
没关系,4
丢下,4
仿佛,4
雨林,4
雪上加霜,4
解锁,4
花树,4
是从,4
污名,4
契约,4
不必,4
姻缘,4
一模一样,4
味道,3
天地,3
十里,3
并存,3
唇部彩妆,3
蒙眼,3
大佬,3
头发,3
群体,3
哪怕,3
打戏混剪,3
平平,3
许久,3
总是,3
听听,3
听到,3
命运,3
成为,3
试问,3
忘记,3
当作,3
坦然,3
心思,3
另外,3
赌赢,3
要说,3
类人,3
双生,3
观看,3
反正,3
反派,3
意料之外,3
赌局,3
发现,3
成不了,3
见外,3
见到,3
国风大典,3
想起,3
手里,3
回眸,3
当年,3
往后,3
恶鬼,3
手段,3
情爱,3
情理之中,3
印记,3
吃糖,3
蛇蝎,3
或许,3
答应,3
徒弟,3
表现形式,3
回家吧,3
得不到,3
夏天,3
美好,3
当初,3
天命,3
第一次,3
万般,3
下来,3
次次,3
电影,3
上线,3
上当,3
上头,3
上天,3
尝试,3
三个,3
隐藏,3
男友,3
七七,3
难解,3
玫瑰,3
难道,3
一遍,3
一趟,3
玩儿,3
一般,3
一瞬间,3
男人,3
完事,3
江南,3
守护,3
中秋,3
中国风,3
白里安,3
属于,3
苦短,3
世子,3
世俗,3
世上,3
杨家,3
界定,3
不同,3
查收,3
桃花,3
不甘,3
不洁,3
不成,3
不感兴趣,3
安排,3
不好,3
长月烬明,3
实战,3
猜猜,3
学习,3
爱上你,3
首歌,3
深渊,3
深藏,3
hh,3
gb,3
清楚,3
温柔,3
高明,3
爱不克制,3
湮灭,3
消失,3
黄雀在后,3
小兔子,3
520种新意告白,3
520爱的表白,3
520,3
照片,3
对待,3
2023光合创作者大会,3
2020国风大典,3
消散,3
kono,3
一生锁爱永结同心,3
tf白麝香枕边白昼礼盒,3
一点点,3
污染,3
污秽,3
小狗,3
一些,3
ysl反转巴黎,3
ysl520礼盒,3
up,3
流云,3
特效,3
爱我吗,3
顺便,3
须眉,3
预告片,3
物候,3
浮生,3
pick,3
颜值,3
小妖,3
飞蛾,3
未来,3
世界,3
盗贼,3
何妨,3
几天,3
花絮,3
妹妹,3
有缘人,3
进步,3
迪奥烈艳蓝金唇膏,3
迪奥玫瑰小粉钻,3
何不,3
偏偏,3
看见,3
适合,3
巾帼,3
摄影写真,3
明天,3
姑娘,3
星动安利大作战,3
摘下,3
苍生,3
出境,3
确定,3
关系,3
救命之恩,3
福利,3
教书先生,3
兰蔻小黑瓶发光眼霜,3
过程,3
兰因絮果,3
近视眼,3
偏见,3
再见,3
新春,3
儿女,3
冬日暴击,3
矜持,3
准备,3
这样,3
输赢,3
秋日暴击,3
价钱,3
争宠,3
最终,3
郡主,3
最近,3
互换,3
跟我学,3
有人,3
直球,3
乱臣贼子,3
最好,3
剧组,3
乱世,3
力量,3
也好,3
目标,3
九州华裳聚方特,3
若非,3
以身相许,3
路上,3
拒绝,3
身上,3
出马,3
晚上,3
好戏,3
遇不到,3
指路,3
身份,3
暗黑,3
放炮,3
拥抱,3
更好,3
相思,3
人类,3
别生气,3
人心,3
那些,3
年复一年,2
并肩,2
小哥,2
美女,2
继续,2
就让,2
老铁说,2
老板娘,2
综指,2
岂能,2
尽头,2
开播,2
崩坏星穹铁道,2
度日如年,2
工人,2
工作,2
老师,2
巨资,2
能屈能伸,2
聪明,2
老头,2
尘世,2
广告片,2
广告,2
老古板,2
小狗狗,2
小清新,2
张嘴,2
小时候,2
续集,2
龟裂,2
敦煌百人国风大秀太震撼了,2
彝族,2
有趣,2
生生世世,2
电灯泡,2
梦幻西游电脑版,2
梦幻西游手游周年庆,2
梦幻西游,2
杨玉环,2
来自,2
疑惑,2
来得及,2
杀手,2
白月光,2
末日来临,2
未成年,2
盛世,2
盛世天下,2
影剧,2
有所,2
直播,2
直白,2
相互,2
月色,2
最大,2
曲折,2
暴躁,2
相见,2
晚风,2
是否,2
春日星光剧场,2
春日嗑糖大作战,2
看吧,2
欧莱雅,2
生活记录,2
琵琶,2
理会,2
烟雨,2
热爱让收获更多,2
演员,2
漂亮,2
温润,2
爱人,2
清醒,2
清凉,2
海芙谜白月光,2
片段,2
牢笼,2
海俪恩人生第一副美瞳,2
浑身上下,2
流言蜚语,2
状元郎,2
活体,2
狠戾,2
洋洋,2
注定,2
独自,2
江湖,2
献身,2
求饶,2
王爷,2
玩笑,2
毒蛇,2
每次,2
段时间,2
现象,2
明年,2
时空,2
早已,2
手心,2
策划,2
算命,2
愿意,2
意外,2
意中人,2
想当年,2
想到,2
情意,2
情人节,2
悲哀,2
恨之入骨,2
红尘,2
红极一时,2
性情大变,2
性命,2
思思,2
怎样,2
怀疑,2
纸短情长,2
组织,2
细语,2
心意,2
心上人,2
微醺,2
微电影,2
经常,2
很多,2
很久没,2
影视资讯,2
我心,2
第二段,2
日系,2
打卡,2
日常vlog,2
无需,2
真相,2
旗袍,2
旁观者清,2
眼部护肤,2
方法,2
新春小剧场整活大赏,2
新年快乐,2
祖玛珑神仙颜值限量香,2
敦煌国风秀的正确打开方式,2
神仙,2
离开,2
秀场,2
私自,2
搞笑,2
搅浑,2
接受,2
穿插着,2
拥有,2
竹林,2
笑容,2
符合,2
抖音青年艺术家计划,2
第一件,2
第一面,2
扬眉,2
托付,2
打算,2
导演,2
虔诚地,2
点缀,2
危险,2
华胄,2
单人随拍,2
专业,2
锻炼,2
走路,2
不负,2
不该,2
起码,2
赎罪,2
双人舞,2
发现自己,2
不然,2
发问,2
不愧,2
专心,2
两全,2
为难,2
钻心,2
前尘,2
剪辑,2
为的是,2
动了心,2
动漫,2
距离,2
跑不掉,2
千百万年,2
包办婚姻,2
跆拳道,2
化妆,2
北方,2
两情相悦,2
十年,2
长公主在上全员戏精,2
不了,2
长生诀,2
阿道夫,2
君不见,2
君子,2
记录,2
记住,2
阳面,2
哈莉奎茵,2
唯一,2
叛逃,2
唯有,2
喂喂,2
限定,2
回过,2
万物,2
万年,2
设定,2
试验,2
后宫,2
名为,2
同归,2
说不出口,2
闪现,2
门口,2
说起,2
调色,2
可怜,2
下集,2
可不是,2
可不,2
谈恋爱,2
古风美人,2
谢谢,2
前世,2
利用,2
在场,2
像不像,2
令人,2
代表,2
倩女幽魂,2
假装,2
仙子,2
傻子,2
兄长,2
以外,2
从不,2
今生,2
道具,2
今年,2
迈出,2
仇恨,2
以不变应万变,2
逛街,2
主打,2
选手,2
伤害,2
伺候,2
似乎,2
位置,2
迷路,2
传言,2
何时,2
任务,2
透过,2
进行,2
你的随享沙龙,2
俗世,2
信仰,2
仿妆,2
什么样,2
遵守,2
全组,2
出口,2
凡夫俗子,2
凶巴巴,2
凶残,2
凶狠,2
醒来,2
了结,2
身旁,2
全网都在挑战飞天神乐,2
野猫,2
之下,2
之上,2
刍狗,2
刚好,2
久病,2
事到如今,2
二次元内容,2
轮回,2
几世,2
酒后,2
凉茶礼盒,2
冰希黎大师精粹系列,2
交出去,2
那样,2
辫子,2
过后,2
京东秒杀,2
那小子,2
亲手,2
亲自,2
兰蔻二代小黑瓶,2
人人都能聊影视5,2
国风大赏,2
伪装,2
荷塘,2
大结局,2
孤单,2
ip,2
女人,2
hh羽粉饼,2
奢求,2
青蛇,2
节奏,2
香水,2
萦绕,2
它们,2
艺术在抖音,2
青梅竹马,2
hhh,2
完整版,2
太短,2
天造地设,2
florasis,2
舍不得,2
震耳欲聋,2
一步,2
虚拟,2
蛋羹,2
蜡烛,2
雪糕,2
一百步,2
kpop,2
存活,2
营业,2
to,2
好险,2
顶替,2
tf52,2
如歌,2
好歹,2
tf中国玫瑰,2
音源,2
好久,2
如痴如醉,2
sr,2
妖怪,2
好不好,2
女团,2
音容,2
始终,2
姐弟,2
风格,2
max,2
娘子,2
女孩子,2
婚书,2
嫁给,2
芜湖方特华裳盛典,2
存档,2
一眼,2
若真,2
一眼千年潮越古今,2
一辈子,2
自制广告,2
bilibili新星计划,2
黑帮,2
多出,2
实验,2
实验室,2
宠爱,2
外界,2
夏日,2
声音,2
自救,2
自愿,2
大灰狼,2
一纸,2
被俘,2
自然,2
多少,2
520心动小剧场,2
bw,2
对劲,2
寂寞,2
一瞬,2
要么,2
大师,2
坊间,2
大海,2
黑爪,2
魂魄,2
裤子,2
频道,1
重启,1
齐手,1
鼓瑟,1
风神,1
目的,1
照从前,1
通关,1
逍遥,1
重新,1
重新认识,1
盛开,1
烦人,1
盛世天下首曝,1
皮肤,1
黑爪香水,1
重温,1
野心,1
看来,1
预祝,1
配出来,1
看似,1
片场演绎,1
道光,1
骂名,1
骰子,1
相思树,1
相识,1
高产,1
马甲,1
皇宫,1
鬼步舞,1
省得,1
燕子,1
避开,1
看不见,1
造型,1
看不起,1
香水瓶也有高颜值,1
燃起,1
相对,1
相同,1
饿瘦,1
看不透,1
鸽子,1
部分,1
鄙夷,1
配饰,1
食言,1
熟悉,1
黑吃黑,1
爱看,1
马步,1
难得,1
特工,1
闲庭絮,1
生命,1
生意,1
集合,1
间隔,1
生活,1
集结,1
生活有解,1
玉兔,1
间断,1
逃出,1
甜甜的,1
问题,1
问君,1
电影剪辑,1
长相,1
电瓶,1
电视剧,1
长月烬明唠嗑会,1
男声,1
长月烬明十二神真神仙,1
甜言蜜语,1
玉兰,1
露脸,1
玲珑,1
隔岸,1
随手,1
现世,1
现场,1
陪伴,1
难说,1
限流,1
现实,1
降临,1
玩点实在的,1
雅诗兰黛樱花水,1
雅诗兰黛,1
珍贵,1
阿道夫茶麸虎年万顺礼盒,1
雅诗兰黛剧本杀,1
阴鸷,1
理直气壮,1
王爷府,1
甘愿,1
甘霖,1
长时间,1
猎奇好物,1
百雀羚淡纹帧颜霜,1
环境保护,1
登场,1
面部护肤,1
银灯,1
白头,1
铠甲,1
白蛇,1
狗血,1
铃铛,1
白蛇2青蛇劫起,1
白语,1
疯病,1
铁石心肠,1
狗狗,1
韩剧,1
铁流,1
音乐分享官7,1
牺牲,1
量身,1
白麝香,1
百世,1
疼疼,1
锁死,1
青春年少,1
留下来,1
青白,1
镜流,1
男女,1
画江湖之不良人,1
画质,1
画面,1
镜子,1
青蛇劫起,1
键盘,1
留心,1
面对,1
留香,1
略带,1
青蛙,1
独守,1
错认,1
非遗,1
面前,1
疯子,1
错失,1
闲庭,1
脖子,1
看破,1
看过,1
组合,1
见见,1
覆盖,1
要是,1
西域,1
终究会,1
经历,1
裂缝,1
表达,1
结下,1
结子,1
表表,1
补课,1
补发,1
结束,1
补偿,1
衍生,1
结缘,1
给予,1
血管,1
融合,1
给美丽多点实在,1
绝世,1
烛火,1
虎年,1
藏不住,1
落叶,1
规范,1
视而不见,1
视频一投,1
红腰子精华,1
说破,1
说到做到,1
糖葫芦,1
素材,1
素衣,1
详细,1
该死,1
紧握,1
紫金,1
诗与万花镜,1
繁华,1
纠葛,1
记不住,1
视频聊,1
红衣,1
讨厌鬼,1
红装,1
解释一下,1
解释,1
红豆,1
解决,1
解不开,1
红颜,1
角度,1
觉醒吧国魂,1
纯爱,1
萨摩耶,1
绵绵,1
缝隙,1
自由点益生菌,1
职业,1
联动,1
良心,1
舞者,1
舞刀,1
致闪闪发光的夜,1
肌无力,1
肌肉,1
自食恶果,1
肚子,1
肚皮,1
自由点益生菌卫生巾,1
肢体,1
芊芊,1
自欺欺人,1
自有,1
胆小,1
背影,1
胡雪岩,1
自我,1
能耐,1
腻歪,1
脑洞,1
腐烂,1
脸上,1
脑震荡,1
节目,1
而今,1
美人鱼,1
苦难,1
菩提树,1
美力不设限,1
美喵喵,1
菩提,1
获得,1
莫不,1
荒漠,1
茶麸,1
美妆,1
美貌,1
羞羞,1
茶叶,1
苦果,1
老麦,1
群像,1
翩翩,1
翻看,1
花魁,1
老天爷,1
花瓣,1
花灯,1
老婆,1
花开花落,1
花季,1
老年人,1
老板,1
糖分,1
糕点,1
精选,1
离弦,1
过门,1
神女,1
过来,1
祸国殃民,1
过期,1
过往,1
祸水,1
禁忌,1
输给,1
较劲,1
离去,1
轻松,1
脚下,1
礼乐大会,1
轨迹,1
秋日,1
身着,1
秋色,1
秋风,1
种种,1
科技,1
科技周边,1
秘密,1
程度,1
身心,1
穿搭,1
社区,1
确实,1
身子,1
眼眶,1
迷惑,1
真命天子,1
迷人,1
连带,1
远离,1
进来,1
这部,1
这般,1
真神,1
眼前,1
眼波,1
眼泪,1
眼睛,1
过问,1
这种感觉的香水,1
眼花缭乱,1
这件,1
瞧不起,1
这些,1
还好,1
近视,1
运动,1
短剧东栏雪开播,1
迎接,1
迎娶,1
破防,1
穿汉服前的你,1
穿着,1
精灵,1
赠予,1
第二集,1
赶紧,1
第五集,1
赴约,1
第六集,1
第几,1
第四天,1
第四集,1
等到,1
等待,1
走向,1
走出,1
赐予,1
起死回生,1
资生堂150周年,1
贺岁片,1
算是,1
簪花,1
贺岁,1
米哈游,1
败露,1
责任,1
貌美如花,1
谷围南亭,1
类型,1
粉丝,1
赶走,1
第二步,1
身后,1
第一,1
穿越时空,1
蹉跎,1
踏过,1
竞技体育,1
路边,1
跟得上,1
笑嘻嘻,1
跟不上,1
笑盈盈,1
笔记灵感,1
笛子,1
笨蛋,1
第一句,1
第二季,1
第一名,1
第一段,1
足以,1
第一集,1
越来越,1
超越,1
第三集,1
超级英雄,1
超标,1
第二个,1
趁着,1
起舞,1
软肋,1
00,1
点亮,1
压迫感,1
却说,1
即梦ai奇特妆造,1
即梦ai,1
卯兔迎春小剧场,1
占有,1
博取,1
卖力,1
协调,1
半夜,1
半个国风圈齐聚上海,1
半个,1
千里姻缘一线牵,1
千年,1
千千万,1
十字路口,1
十二,1
区别,1
包括,1
勿念,1
历历在目,1
原因,1
宁愿,1
又哭又笑,1
后妈,1
同路,1
同床共枕,1
同学,1
同一个,1
合集,1
合适,1
可恶,1
叮当猫,1
古人,1
口口声声,1
变得,1
受苦受累,1
受到,1
取向,1
发霉,1
发誓,1
反目成仇,1
双十,1
勉强,1
加长版,1
剧本,1
前面,1
内心,1
兼职,1
其他,1
关于,1
共赴,1
共存,1
兰蔻水粉底,1
兰若,1
全脸,1
全称,1
全家,1
全员,1
入骨相思,1
兜风,1
兔子,1
兑现,1
光面,1
光景,1
兄妹,1
内心深处,1
冒充,1
写真,1
刘海,1
制作,1
到此为止,1
到时候,1
到处,1
利欲熏心,1
初见,1
初冬,1
创意广告,1
分离,1
凉茶面膜,1
分享,1
刀割,1
出马剧组,1
出去,1
几套,1
几句,1
几个,1
减肥,1
后期,1
后面,1
向东,1
大头,1
女性,1
女巫,1
女孩,1
女娃,1
女儿,1
奋不顾身,1
奇怪,1
失魂,1
失败,1
失联玩家开播,1
失望,1
夫人,1
天赋,1
天空,1
天意,1
天师,1
天天,1
天下,1
大长老,1
女性力量,1
女朋友,1
她们,1
姐妹,1
字正腔圆,1
字典,1
嫦娥,1
婚前,1
娇贵,1
娇妻,1
威胁,1
姜子牙,1
妞妞,1
好不容易,1
妙笔,1
妈呀,1
好运,1
好玩,1
好吃,1
好似,1
好久好久,1
好久不见,1
大王,1
夜游,1
向来,1
多效抗纹大神,1
困住,1
团子,1
团团圆圆,1
回国,1
嘻嘻,1
嘉宾,1
喝茶,1
喜爱,1
啊啊啊,1
唠嗑,1
哪几个,1
哪个,1
哔玩春节档,1
哑巴,1
咱俩,1
咬破,1
命数,1
周末,1
吞噬,1
国风大典2020,1
国风奇妙纪,1
国风才是顶级浪漫,1
增加,1
多情,1
多年,1
多久,1
外挂,1
复仇,1
处处,1
壮士,1
壁纸,1
基因,1
国风美人,1
坦克,1
坚信,1
坐等,1
地板,1
地图,1
圣诞,1
圆润,1
圆梦,1
允许,1
僵硬,1
偷师,1
一丝丝,1
一缕,1
一筹,1
一章,1
一种,1
一生一世,1
一点儿,1
一段,1
一次次,1
一梦黄粱多少年,1
一朵花,1
一旦,1
一帆风顺,1
一大,1
一堆,1
一场空,1
一圈,1
一号,1
一别多年,1
一切都是,1
一般来说,1
一遭,1
一颗,1
三人行,1
三角恋,1
三草两木非遗剧场,1
三章,1
三生,1
三段,1
三千,1
三兔香膏,1
三代人,1
三世,1
一首,1
万美资生,1
万幸,1
万千,1
万分之一,1
万事,1
七月,1
七夕,1
一首歌,1
一体,1
ya,1
上朝,1
welcome,1
dw持妆粉底液,1
double,1
day,1
cici,1
bz,1
bw2021,1
bushi,1
black,1
bebe,1
apinkdna,1
ai奇特妆造的反差感谁懂啊,1
90,1
80,1
4k,1
32,1
30s,1
2025,1
2023新年快乐,1
2020,1
dw粉底液,1
flag,1
hhhh,1
pink,1
urban,1
the,1
tf20,1
tf,1
srds,1
sp,1
show,1
ps,1
paw,1
hhhhh,1
part,1
oppo,1
nice,1
my,1
meet,1
like,1
kill,1
hhmakeup,1
上岸,1
上来,1
偶尔,1
享受,1
传统文化,1
会师,1
会同,1
优雅,1
伊伦,1
价值,1
代替,1
仔细,1
从早到晚,1
介绍,1
今晚,1
今昔,1
今天穿什么香,1
人间治愈时刻,1
人行,1
人文社科,1
人人都有武侠梦,1
亲爱,1
亲口,1
伪善,1
体育,1
体能,1
修改,1
偶像,1
停下,1
做得好,1
偏向,1
偌大,1
倩女幽魂手游,1
倒霉蛋,1
俯首称臣,1
依稀,1
何如,1
侍卫,1
佩服,1
你家,1
作品,1
佛爷,1
余万,1
何等,1
何年,1
京东超级品牌日,1
交易,1
上海,1
五子棋,1
世人,1
丑恶嘴脸,1
不靠,1
不难,1
不赖,1
不见不散,1
不算,1
不惜,1
不怕难,1
不快,1
不幸,1
不够,1
不吃,1
不可一世,1
不下,1
下巴,1
下午,1
上辈子,1
上演,1
世道,1
两套,1
两年,1
九尾狐,1
互相救赎,1
互动影视作品,1
互动影游,1
云海,1
二章,1
事业,1
也罢,1
九门,1
乘风破浪,1
两支,1
之外,1
之前,1
为伴,1
中午,1
丧服,1
严重,1
严严实实,1
两节,1
孤独,1
宁远,1
灭国,1
有效,1
有劳,1
有些,1
月饼,1
最美,1
最甜,1
最最,1
更新,1
暴毙,1
暮色,1
暗中,1
智障,1
景元,1
普通,1
晚霞,1
显示器,1
春节影视好看指南,1
星空,1
星穹铁道男团,1
明晚,1
有感,1
有没有,1
守卫,1
有眼无珠,1
杀死,1
机会,1
朱砂,1
本身,1
本色玩不脱,1
本来,1
末日,1
未有,1
未必,1
未央,1
未亡,1
木兰,1
期待,1
朝鲜族服装,1
朝鲜族,1
朝野,1
朋友,1
有缘,1
有着,1
明明,1
时隔,1
时间,1
早知如此,1
新品,1
新剧,1
整日,1
敲击,1
数数,1
数据,1
敬酒不吃吃罚酒,1
教教,1
教学,1
救赎,1
故人,1
放开,1
放下,1
攻击,1
收看,1
收到,1
擅长,1
擅自,1
播放,1
新国货,1
新国货大赏,1
新婚之夜,1
无悔,1
早点,1
早就,1
早上好,1
日子,1
无论,1
无穷,1
无疾而终,1
无效,1
无忧无虑,1
新年盒你心意,1
无常,1
无人知晓,1
无人,1
旁观,1
方面,1
方式,1
方向,1
新郎,1
权力,1
杏花,1
来来来,1
民国,1
流血,1
活着,1
活人,1
活下去,1
洞房花烛,1
洗脑,1
洗发水,1
油纸伞,1
没完,1
沙场,1
沐浴,1
江湖梦,1
汉服视频,1
汉服安利,1
求助,1
永恒,1
水下摄影,1
氛围感,1
气场,1
流转,1
浮世,1
浮出,1
温顺,1
火种,1
火把,1
漫天,1
漫不经心,1
满眼,1
游戏吧,1
游园,1
温馨,1
温暖,1
浮华梦定档0816,1
清风明月,1
清影,1
消失的她,1
海蓝之谜奇迹礼盒,1
海洋馆,1
海洋污染,1
海底,1
海岸,1
民国爱情十有九悲,1
毫不犹豫,1
来看,1
比如,1
橘里橘气,1
模样,1
模式,1
模仿,1
植村秀日本柚子洁颜油,1
棋子,1
梳妆,1
梦游,1
根本,1
核污水,1
核污染水排海计划,1
核污染,1
栏杆,1
柔韧,1
柔软,1
某人,1
果然,1
极了,1
杭州,1
欢喜,1
欢欢,1
欧莱雅太空霜,1
正能量,1
每日穿搭,1
每天,1
毁掉,1
死亡,1
歪掉,1
武功,1
武侠,1
此消彼长,1
正确方向,1
欲望,1
正确,1
正片,1
正是,1
正常,1
正大光明,1
歌曲三寸月光,1
歌曲万物起舞,1
欺骗,1
摧毁,1
摊开,1
搭配,1
山海入梦来,1
年轻别纹粉就丸了,1
年轻人,1
年代,1
平行,1
干什么,1
幕后花絮,1
帮忙,1
带来,1
师姐,1
帅气,1
巴掌,1
差点,1
工作室,1
崩坏星穹铁道创作者激励计划,1
岁月,1
岁寒三友香水,1
山门,1
山海经,1
山海奇闻寻找闻中仙,1
幸福,1
幻想,1
广场,1
归期,1
徘徊,1
得逞,1
得寸进尺,1
征战,1
影音设备,1
彩蛋,1
彩排,1
彦卿,1
归于,1
庇护,1
强留,1
强取豪夺,1
开出,1
建模,1
康复训练,1
座机,1
废人,1
府上,1
山海奇闻代言人大赛,1
山林,1
德佑净化三步曲,1
展示,1
寒冷,1
宿命,1
容易,1
家具家电,1
家人,1
宫廷,1
宫女,1
实际行动,1
实录,1
宝贝,1
宝宝,1
定期,1
定数,1
定制,1
定做,1
官方,1
官人,1
完美,1
守护者,1
寒鸦,1
对不起,1
对于,1
小心翼翼,1
屋檐下,1
就学,1
尝尝,1
尚未,1
少年,1
少女,1
小看,1
小树,1
小工,1
对手,1
小娘子,1
小姐姐,1
小姐,1
小可爱,1
小公子,1
导航,1
寻常,1
对比,1
御姐,1
德佑湿厕纸,1
插翅难飞,1
所有,1
抛弃,1
抛了才够a,1
抚琴,1
抖音超品日,1
抖音电商超级品牌开业盛典,1
抖音好物年货节,1
抖音520宠爱季,1
把新中式穿身上,1
技能,1
承诺,1
找回,1
扮作,1
扬起,1
打滚,1
打工人享清福,1
打了个,1
12,1
手机,1
手套,1
护卫,1
护肤其他,1
披上,1
捡回来,1
揉捏,1
推迟,1
控制不了,1
接招,1
探查,1
探店,1
掌心,1
捷径,1
拳头,1
抬头,1
拳击,1
拥挤,1
拜师,1
招待,1
拍电影,1
拍照,1
拍拍,1
担心,1
所有不良人芜湖集合,1
房间,1
心中,1
战胜,1
恣意,1
恢复,1
恍若隔世,1
总有一天,1
总和,1
怪诞美学,1
怪怪的,1
性别,1
怕不怕,1
怀念,1
念念,1
忧郁,1
忍耐,1
心软,1
心知肚明,1
心疼,1
心狠手辣,1
心房,1
心慈手软,1
悬疑,1
悲欢离合,1
情愫,1
愿君,1
战斗力,1
战力,1
或者,1
我爱你,1
我为光合代言,1
成人礼,1
戏子,1
慕容,1
意义,1
情有独钟,1
愉快,1
想想,1
想不到,1
惩罚,1
惊蛰,1
惊梦,1
惊喜,1
情深,1
手背,1
