link_id,platform,pubdate,title,tags,co_operators,related_series,cluster,final_series,method
3483c211,B站,2025/06/26,哦、我的小狗,#盛世天下,,,0.0,cluster_0,cluster
09bc849e,B站,2025/04/10,"曾经我也以为,遇见你是我此生最幸运的事",#B站小剧场#人人都能聊影视5#梦幻手游盘丝洞,,,0.0,cluster_0,cluster
60e569f1,B站,2025/04/04,"可惜面具戴太久了,我已无法摘下",#古风,,,5.0,cluster_5,cluster
f4a96dc1,B站,2025/04/01,"【圻夏夏*锦超|偷心盗贼】你在这,我又能逃去哪呢?",#B站小剧场#古装#人人都能聊影视5,,,0.0,cluster_0,cluster
e53e85fb,B站,2025/03/20,"堕神|我所做这一切,皆为苍生",#古风,,,5.0,cluster_5,cluster
19a3a8f1,B站,2024/10/26,"【圻夏夏】你看我这手无缚鸡之力的样子,哪里会杀人?",#古风,,,5.0,cluster_5,cluster
2be13c84,B站,2024/10/18,小丑女下乡记!,#短片#小丑女#超级英雄,,,5.0,cluster_5,cluster
fde6b05f,B站,2024/10/15,【圻夏夏|胡雪岩打卡实录】突然收到了两年前定做的衣服!,#日常,,,0.0,cluster_0,cluster
40cbecc4,B站,2024/10/13,【圻夏夏|彝族】你是哪里来的客人呀?,#中国风#彝族,,,0.0,cluster_0,cluster
d57f287e,B站,2024/08/30,【浮华梦|圻夏夏】一个打戏小训练!,#练习#演员#打戏,,,0.0,cluster_0,cluster
607edd12,B站,2024/08/23,(浮华梦)前世今生版,#影视剪辑#剪辑#爱情,,,4.0,cluster_4,cluster
ec53ee2e,B站,2024/08/16,"【浮华梦】看不起纸片人的力量,最终将被力量吞噬!",#影视剪辑#纸片人#旗袍,,,0.0,cluster_0,cluster
70ae1673,B站,2024/08/16,"【短剧浮华梦|预告2】你是虚拟的,但我的爱不是",#剧情向#预告片#原创,,,0.0,cluster_0,cluster
d636e5cd,B站,2024/08/15,"【短剧浮华梦】这种和纸片人谈恋爱的破游戏,到底是谁在玩啊?",#穿越#脑洞#剧情向,,,0.0,cluster_0,cluster
9a78efba,B站,2024/08/14,【短剧浮华梦|圻夏夏】放开我!我才不要玩什么乙女游戏!,#游戏#电视剧#乙女,,,0.0,cluster_0,cluster
5b1e7c38,B站,2024/05/04,【圻夏夏|超快的打戏混剪】这还帅不到你!?,#打戏混剪,,,0.0,cluster_0,cluster
540852e8,B站,2024/03/15,"在这里,情爱是最不能信的东西",#爱情#影视剪辑#东西,,,4.0,cluster_4,cluster
a9566914,B站,2024/02/21,【圻夏夏*孝太|黄雀在后(三)】恋爱脑的战力为零!,#古装,,,0.0,cluster_0,cluster
b1cbb97e,B站,2024/02/19,【圻夏夏*孝太|黄雀在后(二)】现在求饶还来得及吗?,#古风,,,5.0,cluster_5,cluster
878956f8,B站,2023/11/05,"【圻夏夏|一场为月经污名化的平反】本就没什么不洁污秽,愿大家都能坦然对待,勇破偏见",#女性#短片#原创#我在B站拍短剧#B站小剧场6,,,0.0,cluster_0,cluster
307bf340,B站,2023/10/25,"【圻夏夏*楚淇|结缘地】没见过这么正大光明的广告...还以为是一个人,没想到是一对儿?",#搞笑#剧情向#短剧,,,0.0,cluster_0,cluster
4524f9bd,B站,2023/10/03,"【污染末日|食腐变异体】群体寄生,基因融合,你能活到第几集?",#B站小剧场#B站小剧场6,,,0.0,cluster_0,cluster
ca674812,B站,2023/09/29,【中秋特辑|团团圆圆】怎么?!嫦娥玉兔来人间就能白嫖吗?!,#我在B站拍短剧#B站小剧场,,,2.0,cluster_2,cluster
dd72c1ac,B站,2023/09/27,"【圻夏夏*孝太|黄雀在后(一)】打工人!主打的就是一个能屈能伸!脸上笑嘻嘻,心里...",#我在B站拍短剧#B站小剧场,,,0.0,cluster_0,cluster
038b5e74,B站,2023/09/22,"【海洋污染】救救我,别丢下我",#B站小剧场,,,0.0,cluster_0,cluster
90f392bc,B站,2023/08/06,"【圻夏夏*玖柯|杀人魔姐弟的恋爱日常】(伪骨科)虽然没有血缘关系,但都流着黑色的血",#B站小剧场,,,0.0,cluster_0,cluster
d4b4eed0,B站,2023/07/12,"【圻夏夏*圣微|海洋馆记录】可惜故事已经发生,可惜我无法改写",#B站小剧场#我在B站拍短剧,,,0.0,cluster_0,cluster
ca99de5c,B站,2023/07/08,"【圻夏夏|湮灭】只要能活下去,就算是带着恨也好",#B站小剧场#我在B站拍短剧,,,0.0,cluster_0,cluster
d14403f1,B站,2023/06/28,"可是,他不爱我啊",#我在B站拍短剧,,,0.0,cluster_0,cluster
2fddc419,B站,2023/06/21,"我们就停在此刻吧,万般圆满,已是最好的结尾",#我在B站拍短剧,,,0.0,cluster_0,cluster
727bb657,B站,2023/06/02,【圻夏夏*全伊伦|故纵】君子报仇十年不晚!区区小妖!,#B站小剧场#我在B站拍短剧,,,0.0,cluster_0,cluster
7a27154a,B站,2023/05/31,【圻夏夏*锦超|我的be小说男友(叁)】啊!真实诡计多端的...,#我在B站拍短剧,,,0.0,cluster_0,cluster
78fefb0c,B站,2023/05/17,【圻夏夏*锦超|白里安姝】狐狸和猫的争宠日常,#B站小剧场#我在B站拍短剧,,,0.0,cluster_0,cluster
2aa5bcab,B站,2023/04/21,【圻夏夏*锦超|白里安姝】“不不不不能亲!”“你害怕啊?我教你个办法,#我在B站拍短剧,,,0.0,cluster_0,cluster
fe6bb145,B站,2023/04/18,4亿播放福利已到账~真是为难某人了哈哈哈,#音乐分享官7#KPOP人集合,,,0.0,cluster_0,cluster
8d0af907,B站,2023/04/12,瞒着大家偷偷去长月烬明剧组打了个工,#唠嗑区UP主集结令3#长月烬明唠嗑会,,,0.0,cluster_0,cluster
48d7aba3,B站,2023/04/08,"【圻夏夏*锦超|替身】我错认了你,也就错失了你",#梦幻西游#梦幻西游电脑版#我在B站拍短剧,,,0.0,cluster_0,cluster
bdc032b3,B站,2023/04/01,"【圻夏夏*锦超|窃心】倒也没什么,一个平平无奇的偷心贼罢了",#我在B站拍短剧,,,0.0,cluster_0,cluster
d72516e1,B站,2023/03/23,【圻夏夏*锦超|我的意中人是只猫】我说我怎么总遇不到桃花呢!原来是你!,#B站小剧场#我在B站拍短剧,,,2.0,cluster_2,cluster
9809cee7,B站,2023/03/14,【圻夏夏*锦超|东栏雪】当心动对象主动献身该怎么办?在线等!,#春日星光剧场#星动安利大作战,,,0.0,cluster_0,cluster
fd266e5b,B站,2023/03/04,"【圻夏夏*锦超|东栏雪】你这么狠毒跟谁学的?哦,跟我学的",#春日星光剧场#星动安利大作战,,,0.0,cluster_0,cluster
5c43acc0,B站,2023/03/02,"【圻夏夏*锦超|东栏雪】我还以为我会一直一个人,从深渊到地狱",#我嗑的CP最最最甜#星动安利大作战,,,0.0,cluster_0,cluster
c7de4a31,B站,2023/02/22,【圻夏夏*锦超|白里安姝】我喜欢你只是因为你是你啊,#B站小剧场,,,0.0,cluster_0,cluster
0566833a,B站,2023/02/01,"【圻夏夏|湮灭】(贰)乱臣贼子又如何,我要的是赢",#B站小剧场#卯兔迎春小剧场,,,0.0,cluster_0,cluster
6571c052,B站,2023/01/29,【圻夏夏|龟裂】(贰)没点本事自然是活不到现在...,#B站小剧场,,,0.0,cluster_0,cluster
984a7e0e,B站,2023/01/20,"【新春贺岁片|原来是年兽啊】愿得长如此,年年物候新",#B站小剧场,,,0.0,cluster_0,cluster
05f52baf,B站,2022/12/21,【圻夏夏|湮灭】(预告)一个顶替兄长身份不择手段为兄报仇的公主,#B站小剧场,,,0.0,cluster_0,cluster
f095cdde,B站,2022/12/08,"【圻夏夏*锦超|十里樱花】阿七,我带你去看花",#B站小剧场,,,0.0,cluster_0,cluster
a562d5ae,B站,2022/12/04,【林帮主和冒牌女|玖·重新认识】小迷妹的破防现场,#B站小剧场,,合集·林帮主与冒牌女,,合集·林帮主与冒牌女,rule
4d0eed7a,B站,2022/12/03,【林帮主和冒牌女|捌·冒充】原来对你是该感谢而不是怀疑,#B站小剧场,,合集·林帮主与冒牌女,,合集·林帮主与冒牌女,rule
876f567d,B站,2022/12/01,"【林帮主和冒牌女|柒·真相浮出】难道,真的是我错了?",#B站小剧场,,合集·林帮主与冒牌女,,合集·林帮主与冒牌女,rule
bdf898c9,B站,2022/12/01,去年拍的电影终于要上啦!,#B站小剧场,,,0.0,cluster_0,cluster
ac8ebbd3,B站,2022/11/29,【林帮主和冒牌女|陆·最后的忍耐】居然敢放我鸽子?!,#B站小剧场,,合集·林帮主与冒牌女,,合集·林帮主与冒牌女,rule
bcc516fe,B站,2022/11/24,【林帮主与冒牌女|伍·学弓】她好像有点可爱...,#B站小剧场,,,0.0,cluster_0,cluster
5c953811,B站,2022/11/22,【林帮主与冒牌女|肆·拜师】这么主动...就是为了拜个师?,#B站小剧场,,,0.0,cluster_0,cluster
feb8a740,B站,2022/11/19,【林帮主与冒牌女|叁·败露】没想到居然以这样的方式同床共枕...,#B站小剧场,,,0.0,cluster_0,cluster
83c21fce,B站,2022/11/18,【圻夏夏|龟裂】(壹)全员高颜值是什么体验?,#B站小剧场,,,0.0,cluster_0,cluster
dfe35414,B站,2022/11/17,【林帮主与冒牌女|贰·探查真相】半夜进女孩子房间的事我才不会干呢...才怪,#B站小剧场,,合集·林帮主与冒牌女,,合集·林帮主与冒牌女,rule
8f75f10d,B站,2022/11/15,"【林帮主和冒牌女|壹·初遇】武功不赖,可惜脑子不行...",#B站小剧场,,合集·林帮主与冒牌女,,合集·林帮主与冒牌女,rule
624e8fd7,B站,2022/11/02,"【我的be小说男友|贰】你看我这手,它像不像一个巴掌?",#B站小剧场,,,0.0,cluster_0,cluster
1ff15aae,B站,2022/10/03,"【鲛|番外】同样的招数我都用几百年了,你怎么次次都上当啊!",#B站小剧场,,,2.0,cluster_2,cluster
7afeb128,B站,2022/10/02,"【圻夏夏|状元郎】若非要说这世上有什么难解的题,那就只有三皇子的心思了吧...",#古风#自制,,,5.0,cluster_5,cluster
c0b90b16,B站,2022/09/30,"【鲛|贰】骗你是我的情理之中,爱上你却在意料之外",#B站小剧场#自制#古风,,合集·鲛,,合集·鲛,rule
e52de9b1,B站,2022/09/11,【我的be小说男友|壹】这就是包办婚姻、强取豪夺吗?,#B站小剧场#古风#原创,,,5.0,cluster_5,cluster
b9115bb3,B站,2022/09/09,【妖与仙|番外】妖王与魔君的腻歪日常,#B站小剧场,,合集·妖与仙系列,,合集·妖与仙系列,rule
1024f2b4,B站,2022/08/25,"【孪生劫|四】是哥哥?还是弟弟?欧莱雅不做选择,两个都要!",#B站小剧场,,,0.0,cluster_0,cluster
f4e54248,B站,2022/08/23,"【孪生劫|三】爱意就像微醺的晚风,星似心动,月色温柔",#B站小剧场,,,0.0,cluster_0,cluster
44d22cca,B站,2022/08/16,【孪生劫|二】阿父阿母...我一定杀了他为你们报仇,#B站小剧场,,,0.0,cluster_0,cluster
8bcbc130,B站,2022/08/09,"【孪生劫|一】原来他就是那个哑巴王爷,可惜了是个小傻子",#自制#短片,,,5.0,cluster_5,cluster
d095ecb8,B站,2022/08/07,【蔓夭|壹】(病娇的自我攻略)“你觉得师父是爱你吗?”“嗯...怎么不算爱呢?,#B站小剧场,,,2.0,cluster_2,cluster
e0b4a12d,B站,2022/08/05,【巾帼让须眉|叁】你!你你你!你怎么能用我的身体做这种事!,#B站小剧场,,,2.0,cluster_2,cluster
745013ff,B站,2022/08/01,【蔓夭|预告】怎么会走到今天这个地步呢?,#B站小剧场#古装,,,2.0,cluster_2,cluster
91d8dac4,B站,2022/07/28,【鲛|壹】现在的人鱼都这么好骗吗?,#B站小剧场#原创#古风#TF礼物#TF白麝香枕边白昼礼盒#TF白麝香香水,,合集·鲛,,合集·鲛,rule
516f8d94,B站,2022/07/25,【答案之书|红色芍药篇(三)】喜欢有那么难说出口吗?,#B站小剧场#爱情,,合集·答案之书红色芍药篇,,合集·答案之书红色芍药篇,rule
dc1751bc,B站,2022/07/23,"【答案之书|红色芍药篇(二)】试问,有谁能拒绝直球弟弟的表白呢?!",#B站小剧场#自制#短片#CP,,合集·答案之书红色芍药篇,,合集·答案之书红色芍药篇,rule
5bddfc3a,B站,2022/07/22,【圻夏夏|庄翰】我终于在打戏里站起来了!,#B站小剧场#打戏,,,0.0,cluster_0,cluster
7737cdeb,B站,2022/07/20,【答案之书|红色芍药篇(一)】怎么办?我被困在了梦里!,#B站小剧场#原创#短片,,合集·答案之书红色芍药篇,,合集·答案之书红色芍药篇,rule
fd284d1e,B站,2022/07/17,【答案之书|红色芍药篇】(预告二)这个答案之书到底靠不靠谱啊?!,#B站小剧场,,合集·答案之书红色芍药篇,,合集·答案之书红色芍药篇,rule
b694a58b,B站,2022/07/15,【答案之书|红色芍药篇】(预告一)姐姐太忙了怎么办?,#B站小剧场#自制,,合集·答案之书红色芍药篇,,合集·答案之书红色芍药篇,rule
7f2571ee,B站,2022/06/19,"【圻夏夏|锦超】小世子不喜欢我吗?没关系~本郡主就喜欢强扭的瓜,万一它甜呢?!",#B站小剧场#自制#短片#古装,,,5.0,cluster_5,cluster
3dcfd9fa,B站,2022/06/09,"【圻夏夏|爱野】“别怕,以后有我",#B站小剧场#古装#自制,,,5.0,cluster_5,cluster
e79b1f53,B站,2022/05/21,"【妖与仙|叁】又何必吃自己的醋呢,魔君大人",#B站小剧场#B站小剧场2#古装#原创,,合集·妖与仙系列,,合集·妖与仙系列,rule
0ec5665a,B站,2022/05/18,【巾帼让须眉|贰】先生最近可沐浴了?我的身子可娇贵着!,#B站小剧场#B站小剧场2#古风,,,5.0,cluster_5,cluster
2e635718,B站,2022/05/16,【生世|520限定】赚到了!没想到在路边随手救的精灵长大以后这么好看~救命之恩当以身相许,#B站小剧场#原创#古风#短片#迪奥玫瑰小粉钻#520种新意告白#520爱的表白#迪奥烈艳蓝金唇膏#520心动小剧场,,,5.0,cluster_5,cluster
406b620c,B站,2022/05/15,"【巾帼让须眉|520限定】当我与老古板教书先生灵魂互换后,要做的第一件事当然是...",#古风#520#短片#TF中国玫瑰#TF礼物#520心动小剧场,,,5.0,cluster_5,cluster
b7abe595,B站,2022/05/09,"【雅顿|宿命】黑吃黑而已,利用不从来都是相互的吗?",#B站小剧场#B站小剧场2#古风#短片,,,5.0,cluster_5,cluster
a1fa4e09,B站,2022/05/03,【YSL|偷师】口嫌体正是什么意思?本集详细解释,#B站小剧场#B站小剧场2#古风#短片,,合集·系列,,合集·系列,rule
ac20c0b9,B站,2022/04/30,【YSL|失魂果】如何跟女朋友道歉?教学速进!,#B站小剧场#B站小剧场2#古风#短片,,合集·系列,,合集·系列,rule
decd5b44,B站,2022/04/25,"【圻夏夏|锦超】(ysl预告番外5)夕阳里藏着爱意,如果可以的话,在春天见一面吧",#B站小剧场#B站小剧场2#预告,,合集·系列,,合集·系列,rule
f634caa8,B站,2022/04/18,"【圻夏夏|锦超】(ysl番外4)雪糕是什么味道我不记得了,就觉得挺甜的",#B站小剧场#B站小剧场2#甜,,合集·系列,,合集·系列,rule
7f351845,B站,2022/04/11,"【圻夏夏】(ysl番外3)你这是要打架的意思吗,老东西?",#B站小剧场,,合集·系列,,合集·系列,rule
ed07cb9f,B站,2022/04/06,【圻夏夏|锦超】(妖与仙番外)“小仙君可是不喜欢我穿这身衣服?,#B站小剧场#古风,,合集·妖与仙系列,,合集·妖与仙系列,rule
ae49a53f,B站,2022/04/04,【圻夏夏】又双叒叕打起来了!,#B站小剧场#古装#自制#短片,,,5.0,cluster_5,cluster
e4fabecd,B站,2022/04/02,"【圻夏夏|锦超】(恶人组)不想你入地狱的人是我,可拖你入地狱的人也是我",#B站小剧场#古装,,,0.0,cluster_0,cluster
5766b7c6,B站,2022/04/01,"【圻夏夏】(预告)我知道殿下从未动心,所以,我也是",#B站小剧场#古风#短片,,,5.0,cluster_5,cluster
bd1ee345,B站,2022/03/29,"【圻夏夏|锦超】(替身文学)原来我学不会的,是她不爱你的样子",#B站小剧场#古装,,合集·替身文学,,合集·替身文学,rule
b6d3f1a5,B站,2022/03/20,"为了让自己远离渣男,穿越过去想拯救自己,却发现...",#B站小剧场#古风#短片#微电影#TF52裸玫瑰#自制广告,,,4.0,cluster_4,cluster
45db4a9a,B站,2022/03/18,"【圻夏夏|锦超】(预告二)即使知道了结果,还是会飞蛾扑火吗?",#UP影剧综指南#古风,,,5.0,cluster_5,cluster
91a44aca,B站,2022/03/16,【圻夏夏|锦超】(预告一)那...我们约定好了!,#古装#古风#预告,,,5.0,cluster_5,cluster
4fd03f74,B站,2022/02/26,【长公主在上】你动心了,#UP影剧综指南#古装,,,0.0,cluster_0,cluster
39bf1efc,B站,2022/02/21,"【圻夏夏|锦超】若不是私心,我怎会奉你为主?",#古风#B站小剧场,,,5.0,cluster_5,cluster
dca96cfc,B站,2022/02/15,"【妖与仙|贰】小仙君是哪来的自信,觉得自己能逃出我的掌心?",#短片#创意广告#古装#B站小剧场,,合集·妖与仙系列,,合集·妖与仙系列,rule
34905ee0,B站,2022/02/12,"【圻夏夏*锦超|长公主在上】顾玄清一把推开了公主,并对皇上说,“这是另外的价钱",#古装#B站小剧场,,,0.0,cluster_0,cluster
357cba54,B站,2022/02/11,"【妖与仙|壹】捡回来的丑东西其实还挺漂亮,但她好像不太对劲...",#古装#B站小剧场,,合集·妖与仙系列,,合集·妖与仙系列,rule
03a31bcc,B站,2022/02/05,"【圻夏夏*锦超|长公主在上】是啊,就不该轻易把心交出去",#短片#古风#B站小剧场,,,5.0,cluster_5,cluster
ee875dba,B站,2022/02/03,不过是戏如人生罢了,#短片#B站小剧场,,,5.0,cluster_5,cluster
78e403d2,B站,2022/01/30,"【圻夏夏*玖柯】“你怎么不动手?!”“嘶..我好像有点,喜欢她",#杀手#爱情#B站小剧场,,,2.0,cluster_2,cluster
e5d83f75,B站,2022/01/28,"【圻夏夏*玖柯】当你的目标是自己的爱人,你会怎么选?当然是打起来啦!",#爱情#杀手#B站小剧场,,,4.0,cluster_4,cluster
e9bd5888,B站,2022/01/26,"【圻夏夏*锦超】(预告)如果是去见你,我一定会用跑的",#古风#短片#B站小剧场,,合集·妖与仙系列,,合集·妖与仙系列,rule
95637520,B站,2022/01/22,"人间万千无常之事,我曾以为,我握得住的。”- 殊途/第六集",#古风#自制#短片#原创#正能量#B站小剧场#新春小剧场整活大赏,,合集·殊途,,合集·殊途,rule
36afb096,B站,2022/01/19,"我一只兔子,手无缚鸡之力,没那能耐。”- 殊途/第五集",#短片#原创#古风#自制#B站小剧场#新春小剧场整活大赏,,合集·殊途,,合集·殊途,rule
f4b8eb4d,B站,2022/01/19,【情人节特辑|ysl】契约印记为何突然消失?新人物—大长老出现!,#B站小剧场#古风#ysl1966#ysl情人节#情人节礼物,,合集·系列,,合集·系列,rule
7487f5fc,B站,2022/01/15,你亲我一下我就告诉你呀。”- 殊途/第四集,#B站小剧场#原创#短剧#自制#短片,,合集·殊途,,合集·殊途,rule
5aa76fd2,B站,2022/01/12,"为了他,我什么都要信一信。”- 殊途/第三集",#B站小剧场#自制#短片#原创#短剧,,合集·殊途,,合集·殊途,rule
09c08758,B站,2022/01/08,"有些人虽然能打,但会蹭吃蹭喝。”- 殊途/第二集",#B站小剧场#短剧#古风#自制#短片#原创,,合集·殊途,,合集·殊途,rule
38c4b6ed,B站,2022/01/07,"【新春甜剧|姻缘】代替哥哥去上朝时遇到了真命天子,可他居然不想娶我?",#B站小剧场#古风#广告片#茶麸#阿道夫#洗发水#虎年,,,5.0,cluster_5,cluster
692f3cd2,B站,2022/01/05,"万幸,我还能见到你。”- 殊途/第一集",#B站小剧场#短片#原创#短剧#古风#自制,,合集·殊途,,合集·殊途,rule
c1253c0b,B站,2022/01/01,"【圻夏夏*锦超】(替身文学)只要你有心,我就能得到",#古风#短片,,合集·替身文学,,合集·替身文学,rule
9591f546,B站,2021/12/28,"【平行时空】我相信无论在哪个时空,我们终究会相爱",#B站小剧场#广告片#自制#原创#oppo,,,0.0,cluster_0,cluster
989fd0f9,B站,2021/12/22,"【圻夏夏*锦超】(替身文学)许是从一开始,在花树下遇见的那刻起,便都错了...",#B站小剧场#古风#原创,,合集·替身文学,,合集·替身文学,rule
4e5af458,B站,2021/12/14,"【圻夏夏*锦超】(ysl番外2)感觉他好像生气了,可他为什么要生气啊!",#B站小剧场#古风#短片,,合集·系列,,合集·系列,rule
84230b89,B站,2021/12/10,【圻夏夏*锦超】(替身文学)真是可笑啊...我竟然还以为能有一瞬间你爱的是我,#短片#古风,,合集·替身文学,,合集·替身文学,rule
fd2f4ab9,B站,2021/12/07,"【圻夏夏*锦超】(替身文学)现在想来,过去的偏爱皆是为她,于我而言不过是一场笑话",#古风#短片,,合集·替身文学,,合集·替身文学,rule
df2c81de,B站,2021/12/07,"【圻夏夏*黄宥天】你既选择救了我,却又为何不敢面对如今的我?",#B站小剧场#短片#古风,,,5.0,cluster_5,cluster
69d860d6,B站,2021/12/04,"【双世|冰希黎】哪怕只是她的一缕执念,我也自私的想让你记得我",#B站小剧场#短片#原创,,,5.0,cluster_5,cluster
c5416a02,B站,2021/12/03,【圻夏夏*锦超】(ysl番外1)做事情不可以三心二意哦,#短片,,合集·系列,,合集·系列,rule
e6917dc7,B站,2021/12/01,"【圣诞特辑|YSL】所以说啊,男朋友还得是自己养大的才比较乖",#B站小剧场#古风#ysl302#ysl圣诞猎金派对,,合集·系列,,合集·系列,rule
fb451466,B站,2021/11/26,"【初冬甜剧 | 纸短情长】你亲了我,我就是你的人了!",#B站小剧场#古风#短片,,,5.0,cluster_5,cluster
3b437122,B站,2021/11/13,"【圻夏夏*杨馥羽】以后就跟着我吧,小乞丐",#古风#短片,,,5.0,cluster_5,cluster
3386556e,B站,2021/11/12,【圻夏夏*夫诸】你真以为自己是他?,#短片#古风,,,5.0,cluster_5,cluster
0a5cd2e5,B站,2021/11/09,【圻夏夏*夫诸】你同你哥哥长得...真是一模一样,#B站小剧场#古风#短片,,,5.0,cluster_5,cluster
024dd639,B站,2021/11/05,【圻夏夏|海芙谜】从来只有自己才能拯救自己,#短片#古风,,,4.0,cluster_4,cluster
d49c734e,B站,2021/11/01,"【圻夏夏*锦超】(替身文学)原来所谓相爱,从一开始便是错觉",#古风#短片,,合集·替身文学,,合集·替身文学,rule
806983df,B站,2021/10/30,"【圻夏夏*锦超】(替身文学)终于,找到你了",#古风#短片,,合集·替身文学,,合集·替身文学,rule
ad6d57af,B站,2021/10/26,"【圻夏夏*锦超】(替身文学)原来只是,像她...而已吗",#古风#短片,,合集·替身文学,,合集·替身文学,rule
223a1057,B站,2021/10/23,"【圻夏夏|花西子】传说中,那傣族雨林里有宝藏...",#古风#短片#花西子,,,5.0,cluster_5,cluster
83d60124,B站,2021/10/22,【圻夏夏*锦超】私奔吧!,#古风#短片,,,5.0,cluster_5,cluster
befdf8a7,B站,2021/10/18,"【圻夏夏*庄翰*清熠】恨为剧毒,爱为解药",#短片#古风,,,5.0,cluster_5,cluster
d77f080b,B站,2021/10/12,"【圻夏夏*锦超】 主动一点嘛,万一你喜欢的人刚好也喜欢你呢!",#短片#古风,,,5.0,cluster_5,cluster
2c8f66e2,B站,2021/10/09,"【圻夏夏*鹿荼白】带我回家吧,哪怕只有魂魄也好",#古风#短片,,,5.0,cluster_5,cluster
65c35529,B站,2021/10/07,"【圻夏夏*锦超】(三兔番外五)那就一辈子咯,好不好?",#古风#短片,,合集·三兔合集,,合集·三兔合集,rule
86b9571c,B站,2021/10/03,【圻夏夏*锦超】(三兔番外三)相信一见钟情嘛?,#古风#短片,,合集·三兔合集,,合集·三兔合集,rule
f9e2d4a3,B站,2021/10/01,【圻夏夏】哥...我可能没有办法和你一起回家了,#古风#短片,,,5.0,cluster_5,cluster
d2190495,B站,2021/09/29,"【圻夏夏*鹿荼白】哥,我不后悔",#古风#短片,,,5.0,cluster_5,cluster
fd31d77b,B站,2021/09/26,"【圻夏夏】不是儿臣变了,只是儿臣长大了",#古风#短片,,,5.0,cluster_5,cluster
b220108a,B站,2021/09/24,【圻夏夏*锦超】(三兔番外二)小老鼠有什么好怕的...,#短片#古风,,合集·三兔合集,,合集·三兔合集,rule
6e235b36,B站,2021/09/22,"【圻夏夏】(预告)你不要再等了...花开花落自有定数,人去人留皆是命数",#古风,,合集·替身文学,,合集·替身文学,rule
57beefcd,B站,2021/09/20,"【圻夏夏*锦超】(三兔番外一)中秋了,给大家发个糖吧",#短片#古风,,合集·三兔合集,,合集·三兔合集,rule
14e4375e,B站,2021/09/14,"【圻夏夏*圣微】我总会陪着你的,姐姐",#短片#青蛇,,,5.0,cluster_5,cluster
54190452,B站,2021/09/10,【磕糖】憨憨徒弟和美貌师父,#国风奇妙纪#汉服#古风#原创#自制广告,,,5.0,cluster_5,cluster
eaa96860,B站,2021/09/09,【圻夏夏*圣微】虽迟但到的青白蛇预告。反正不知道会不会有正片,#青蛇#古风,,,5.0,cluster_5,cluster
3780f6e5,B站,2021/09/03,【圻夏夏】夜夜笙歌,#古风#短片,,,5.0,cluster_5,cluster
dbe60640,B站,2021/09/01,【秋日甜剧|花皙蔻】所以最后到底是谁把谁吃了?,#古风#短片#原创,,,5.0,cluster_5,cluster
f3b2d3fc,B站,2021/08/31,"【圻夏夏】番外一。所以即使只有我为你而来,最终你也没有选择我",#古风#自制,,,5.0,cluster_5,cluster
7ee3e5a2,B站,2021/08/24,【夏日甜剧|三兔】长久的爱意从来不是单向奔赴,#夏日故事大会#古风#短片#原创#唐宫盛宴真香,,合集·三兔合集,,合集·三兔合集,rule
07c4b240,B站,2021/08/18,"【圻夏夏*锦超】你来了,我好像没那么孤单了",#古风#自制,,,5.0,cluster_5,cluster
9c1ec4d4,B站,2021/08/14,"【圻夏夏】(预告)你是什么东西,也配来问我",#古风#特效#自制,,,5.0,cluster_5,cluster
dcd7d45f,B站,2021/08/13,【圻夏夏|花西子】古人竟在我身边,#夏日故事大会#古风#短片,,,5.0,cluster_5,cluster
6577cff9,B站,2021/08/12,灵玉预告片 | 半魔半人少女与灵玉守护者之间的爱恨纠葛,#预告片#自制#短片#原创,,,5.0,cluster_5,cluster
11574d6b,B站,2021/08/10,"【圻夏夏*锦超】(预告)阿爹说的没错,女追男隔层纱~没什么好矜持的!",#古风#短片,,合集·三兔合集,,合集·三兔合集,rule
4390dd25,B站,2021/08/06,【圻夏夏】(预告)自己爱上自己是一种什么样的体验?,#短片#古风,,,4.0,cluster_4,cluster
386f342a,B站,2021/08/04,【圻夏夏*锦超】你真的不哄哄我吗?好吧..那我自己哄自己!,#古风,,,4.0,cluster_4,cluster
ae821458,B站,2021/07/30,【夏日甜剧|芙清】一个黑帮大佬为爱成奴的小故事,#打工人享清福#古风#短片#芙清#凉茶面膜,,,5.0,cluster_5,cluster
ffd26dcf,B站,2021/07/26,【圻夏夏*锦超】这个故事到底该有个怎么样的结局呢?,#短片#古风,,,5.0,cluster_5,cluster
aae8a687,B站,2021/07/24,【圻夏夏】算是姬圈天菜吗?,#秀场#中国风,,,0.0,cluster_0,cluster
9bfae182,B站,2021/07/23,【圻夏夏】小兔子要去哪玩儿?带着我呗,#古风,,,5.0,cluster_5,cluster
388f6d04,B站,2021/07/22,【圻夏夏】蒙眼让本就近视眼的我雪上加霜,#中国风#秀场,,,0.0,cluster_0,cluster
1224f525,B站,2021/07/20,【圻夏夏*浅野】(预告)看个视频清凉一下,#短片#古风,,,5.0,cluster_5,cluster
78512e39,B站,2021/07/12,"【圻夏夏】哦,这该死的压迫感",#走秀#御姐,,,0.0,cluster_0,cluster
649f5ca5,B站,2021/07/10,"【圻夏夏】bw2021闪现,这次是个帅哥",#BW,,,0.0,cluster_0,cluster
13cf2014,B站,2021/07/06,"【圻夏夏*庄翰】“其实啊,我从未怪过你",#夏日故事大会#短片#剧情#古风,,,5.0,cluster_5,cluster
8de28cca,B站,2021/07/02,【圻夏夏】原来竟只是我一人的执念罢了...,#古风,,,5.0,cluster_5,cluster
ac062c71,B站,2021/06/29,【圻夏夏】情之一字啊...,#古风,,,5.0,cluster_5,cluster
fb5dcaea,B站,2021/06/20,"【圻夏夏*庄翰】“公主,我来带你回家”“好",#夏日故事大会#古风#短片,,,5.0,cluster_5,cluster
9fa07ecf,B站,2021/06/19,【圻夏夏】(竖屏版)你为何偏偏要与我错过,#夏日故事大会#古风,,,5.0,cluster_5,cluster
5bd76d49,B站,2021/06/16,【圻夏夏】这么直白的盯着妾身,#古风,,,5.0,cluster_5,cluster
17bf8ddd,B站,2021/06/15,"【圻夏夏】下辈子吧(完整版)“都是我的错”“是世俗的错,不是我们",#自制#古风,,,5.0,cluster_5,cluster
bee92831,B站,2021/06/13,【圻夏夏】这个bgm有点带感!,#古风,,,5.0,cluster_5,cluster
1966bb30,B站,2021/06/13,【圻夏夏*妞妞妞】情深不悔,#古风#自制,,,5.0,cluster_5,cluster
a472a554,B站,2021/06/11,"【圻夏夏】当爱恨情仇,都化乌有",#古风#自制,,,5.0,cluster_5,cluster
c5b8aef2,B站,2021/06/08,【圻夏夏*圣微】双生花魁加长版。这次谁是猎物?,#古风#自制,,,5.0,cluster_5,cluster
dda70839,B站,2021/06/07,"【圻夏夏】那以后有我陪着你,你就不会孤单啦",#古风#自制,,,5.0,cluster_5,cluster
82596088,B站,2021/06/05,"【圻夏夏】下辈子吧,下辈子...",#古风#短片,,,5.0,cluster_5,cluster
dfc0ee19,B站,2021/06/02,"【圻夏夏】我输就输在,我才是动了心的那个人",#古风,,,5.0,cluster_5,cluster
dfb8f7fb,B站,2021/05/31,"【圻夏夏】一介凡人,竟敢弑神",#古风,,,5.0,cluster_5,cluster
289b4682,B站,2021/05/28,"【圻夏夏】“她可不是什么小野猫,听说过美人蛇蝎吗",#古风,,,5.0,cluster_5,cluster
cb612e35,B站,2021/05/25,"【圻夏夏】阿爹说过,我们杨家的儿女,只能倒在战场上",#古风,,,5.0,cluster_5,cluster
cab1b73f,B站,2021/05/21,【圻夏夏*锦超】我这种恶鬼怎么会有心呢,#古风#短片,,,2.0,cluster_2,cluster
4c4046d2,B站,2021/05/20,【圻夏夏】九尾狐X小白兔。给大家发个糖吧!,#古风,,,5.0,cluster_5,cluster
b9f3ec43,B站,2021/05/13,"【圻夏夏*庄翰】“别怕,我只是想最后再抱你一次",#古风#短片,,,5.0,cluster_5,cluster
41d85833,B站,2021/05/12,"【三生三世|双女主】糖分超标,进来嗑糖",#觉醒吧国魂#古风#汉服#山海经#阿道夫#新国货,,,5.0,cluster_5,cluster
344a26f6,B站,2021/05/10,【圻夏夏】小阿花仿妆,#古风#原创,,,5.0,cluster_5,cluster
7e37281c,B站,2021/05/02,【圻夏夏】一起赏夏花吧,#人间治愈时刻#小清新#古风,,,5.0,cluster_5,cluster
9332d55c,B站,2021/04/30,【圻夏夏*庄翰】灭国公主和侍卫的故事,#春日嗑糖大作战#古风#原创#剧情,,,5.0,cluster_5,cluster
3b294810,B站,2021/04/25,"【圻夏夏】恶人?我想听听,你用什么界定善恶",#原创#黑化,,,0.0,cluster_0,cluster
5904d493,B站,2021/04/20,【圻夏夏】来!给他们凶一个!,#原创#黑化,,,0.0,cluster_0,cluster
fef896c9,B站,2021/04/18,【圻夏夏】听说反派黑化前都要经历这么一遭,#短片#原创#黑化,,,5.0,cluster_5,cluster
828e1b56,B站,2021/03/27,"【圻夏夏*庄翰】我知道你恨,但我只有你了...所以就算强留,我也不会让你离开我",#春日嗑糖大作战#古风#短片,,,5.0,cluster_5,cluster
e8f3dd68,B站,2021/03/19,【圻夏夏】我再也寻不到他了...,#古风#自制,,,5.0,cluster_5,cluster
a45184f3,B站,2021/03/16,【圻夏夏拍摄作品】谢谢你赐予我的这一场空欢喜,#自制#古风,,,5.0,cluster_5,cluster
a4427440,B站,2021/03/02,"【圻夏夏】我会化作人间的风雨,陪在你身边",#古风,,,5.0,cluster_5,cluster
a5ca8fe6,B站,2021/02/21,【圻夏夏*杨馥羽】发糖和打架的区别,#古风#橘里橘气,,,5.0,cluster_5,cluster
0014848c,B站,2021/02/13,【知竹江湖】新春花灯夜游群像MV 神仙联动,#春节影视好看指南#古风#4K#哔玩春节档#贺岁,,,5.0,cluster_5,cluster
cfb9ddf5,B站,2021/02/13,"我这一世,都是为了你而来的呀...拍摄",#小视频,,,0.0,cluster_0,cluster
dc159521,B站,2021/02/08,"怎么,你也要杀我吗?",#小视频,走回去了v,,2.0,cluster_2,cluster
dbbc3c89,B站,2021/01/28,"不要问我为什么画面切来切去的,因为放炮了",#小视频,,,0.0,cluster_0,cluster
eb3eb52a,B站,2021/01/24,"你,可愿为我做一切事情?",#小视频,,,0.0,cluster_0,cluster
87af07ae,B站,2021/01/20,【圣微*圻夏夏】敬酒不吃吃罚酒?,#人人都有武侠梦#古风#打戏,,,5.0,cluster_5,cluster
9c2cb6f7,B站,2021/01/18,这个bgm也太带感了吧!音源:阿七,#小视频,,,0.0,cluster_0,cluster
c0764e3c,B站,2021/01/14,【白月光与朱砂痣】穿越千年才找回跟你在一起的回忆,#汉服#古风#美女#美妆#时尚#古装#新国货大赏,,,5.0,cluster_5,cluster
172ec0f5,B站,2021/01/06,【圻夏夏】若我们可以不用理会这俗世的流言蜚语该有多好,#古风#短片#汉服,,,5.0,cluster_5,cluster
1530e187,B站,2020/12/30,"【圻夏夏】如今回头看,都是笑话一场...",#短片#古风,,,5.0,cluster_5,cluster
f404a4ea,B站,2020/12/24,"【圻夏夏】我知道这是梦,我只想求你,再疼疼我...",#古风#短片#原创,,,5.0,cluster_5,cluster
e9af653a,B站,2020/12/21,【圻夏夏】有人说我们像男女主在争女二?,#古风#原创#打戏,,,5.0,cluster_5,cluster
076e47df,B站,2020/12/20,"【圻夏夏】是忘记我了吗?所以这么久了,还不回来...",#短片#民国#旗袍,,,0.0,cluster_0,cluster
72094eb7,B站,2020/12/19,明晚发这个片吧[羞羞],#小视频,,,0.0,cluster_0,cluster
e66ceec2,B站,2020/12/17,所以大家是不是不爱看舞刀弄剑[呆]但我,#小视频,,,0.0,cluster_0,cluster
66b4b845,B站,2020/12/15,分享一个调色对比,#小视频,,,0.0,cluster_0,cluster
6c93889f,B站,2020/12/12,"【圻夏夏】太久了,我都不记得自己是人是鬼了",#原创#古风,,,4.0,cluster_4,cluster
327ea750,B站,2020/12/10,【圻夏夏】公子何不留下?,#古风,,,5.0,cluster_5,cluster
c8afbef5,B站,2020/12/08,【圻夏夏】我终于能和你并肩了。(带剧情配音的走秀确定不来看看?),#视频一投#中国华服日,,,0.0,cluster_0,cluster
7c4632ac,B站,2020/12/05,"【圻夏夏】既然你不能爱我,那就和我的爱一起消失吧",#短片#古风,,,5.0,cluster_5,cluster
1968400c,B站,2020/12/02,【圻夏夏】话那么多干嘛?接招就完事了!,#古风#打戏,,,5.0,cluster_5,cluster
3bb61077,B站,2020/11/30,"【圻夏夏】有人说这像建模脸?不存在的,还不是靠摄影和妆造(望天)",#古风#汉服,,,5.0,cluster_5,cluster
e656fdc5,B站,2020/11/27,【圻夏夏】为何你硬要与我错过呢..,#短片#古风,,,5.0,cluster_5,cluster
4f033813,B站,2020/11/22,"【圻夏夏】气场,开!",#小视频,,,0.0,cluster_0,cluster
93df7bcb,B站,2020/11/15,"【圻夏夏】我们这类人,本就生活在背光面",#小视频,,,0.0,cluster_0,cluster
d5b11688,B站,2020/11/06,【圻夏夏】不是说爱我吗?为何现在都不敢看着我?,#小视频,,,0.0,cluster_0,cluster
f3743bff,B站,2020/10/09,"【圻夏夏】我的三个视频,你刷到过哪一个[捂眼]?",#小视频,,,0.0,cluster_0,cluster
b67f9b8f,B站,2020/07/11,"【为你而来】护卫与小姐之间的情愫,为守护你,不惜生命为祭",#爱情#短片#原创,,,5.0,cluster_5,cluster
bf0bd582,B站,2020/07/06,|隔岸|片段预告,#原创#自制#短片,,,5.0,cluster_5,cluster
6e1879b6,B站,2020/04/17,"【双生衍生片段】你一个凡夫俗子算什么东西,也敢跟我说断了?",#暗黑#自制,,,0.0,cluster_0,cluster
ce85cb8f,B站,2020/04/15,【汉服暗黑剧情向】「双生」之病娇妹妹太爱我了怎么办,#微电影#悬疑#自制,,,5.0,cluster_5,cluster
775da564,B站,2020/03/03,【圻夏夏】一生等你,#古风#汉服视频,,,5.0,cluster_5,cluster
ecc67a08,B站,2020/01/13,"【冬 眠】自君一别,度日如年",#汉服#动作#短片,,,5.0,cluster_5,cluster
8649c98c,B站,2019/10/28,【日系恋爱mv】光。長い暗闇の中で、あなたは私の唯一の光です,#恋爱#小清新#日系,,,0.0,cluster_0,cluster
1d68b215,B站,2019/10/18,"【长生诀】仇余万千,心无涟,抚琴不知今昔何年",#短片#长生诀#bilibili新星计划,,,0.0,cluster_0,cluster
f7e3990c,B站,2019/09/19,"【如歌】我恨你,恨之入骨。且爱你,如痴如醉",#古风#原创#如歌,,,5.0,cluster_5,cluster
78e2fe97,B站,2019/09/09,"【秋风起】落叶聚还散,寒鸦栖复惊",#原创#汉服,,,5.0,cluster_5,cluster
4f386f61,B站,2019/08/10,【倩女幽魂】怀念那个神仙打架的年代,#倩女幽魂#自制,,,0.0,cluster_0,cluster
f3e0a409,B站,2019/07/30,"【妄念】相思尽头菩提树,问前尘是缘是劫,谁不负",#古风#自制#短片#bilibili新星计划,,,5.0,cluster_5,cluster
eb19323f,B站,2019/07/15,"【天师】 尘世离人,轮回复入",#汉服#自制#短片,,,5.0,cluster_5,cluster
994569e4,B站,2019/06/23,"【伞下剑】 伞下走浮生,剑出莫扬眉",#短片#古风#动作#自制,,,5.0,cluster_5,cluster
2a952a72,B站,2019/06/18,"【凉夜横塘】君问归期未有期,只与酒为伴",#汉服#古风#短片,,,5.0,cluster_5,cluster
20f86bf9,B站,2019/06/09,"【妙笔浮生】只愿君心似我,一生一世唯一人",#古风#短片#汉服MV,,,5.0,cluster_5,cluster
760bef00,小红书,2020/10/09,"你啊你,冻我心房,酸我眼眶",,,,0.0,cluster_0,cluster
dfa233cb,小红书,2025/08/16,"可是,我们好不容易才走到今天",,,,0.0,cluster_0,cluster
8fde015b,小红书,2025/04/10,"曾经我也以为,遇见你是我此生最幸运的事",#梦幻手游盘丝洞,,,0.0,cluster_0,cluster
ba139edb,小红书,2025/04/04,"可惜面具戴太久了,我已无法摘下",,,,0.0,cluster_0,cluster
cf6243a9,小红书,2025/04/01,"你在这,我能逃去哪?",,,,0.0,cluster_0,cluster
c4397bbf,小红书,2025/03/20,"堕神|我所做这一切,皆为苍生",,,,0.0,cluster_0,cluster
309cdd35,小红书,2024/10/26,"你看我手无缚鸡之力的,怎么会杀人呢?",,,,2.0,cluster_2,cluster
0215eb42,小红书,2024/10/15,"我只等你一年,而今年复一年",,,,0.0,cluster_0,cluster
91a4e07d,小红书,2024/10/13,你是哪里来的客人呀?,,,,0.0,cluster_0,cluster
149606aa,小红书,2024/08/30,一个打戏小训练,#短剧浮华梦,,,0.0,cluster_0,cluster
e56ac480,小红书,2024/08/25,(浮华梦)口嫌体正之“我只是为了完成任务,#短剧浮华梦,,,0.0,cluster_0,cluster
2c490d0a,小红书,2024/08/23,(浮华梦)前世今生版,#短剧浮华梦,,,0.0,cluster_0,cluster
3790397d,小红书,2024/08/16,"(浮华梦预告)你是虚拟的,但我的爱不是",#短剧浮华梦,,,0.0,cluster_0,cluster
58369e05,小红书,2024/08/16,"(浮华梦)乙女游戏,不就是一堆真香数据而已",#短剧浮华梦,,,0.0,cluster_0,cluster
40dd8dfd,小红书,2024/08/14,"和纸片人谈恋爱的游戏,有什么好玩的...",#短剧浮华梦,,,0.0,cluster_0,cluster
6d62f5aa,小红书,2024/08/14,我一个大男人玩什么乙女游戏!,#短剧浮华梦,,,0.0,cluster_0,cluster
dca2cd2f,小红书,2024/05/04,这还帅不到你!?,,,,0.0,cluster_0,cluster
dbd1fa34,小红书,2024/03/15,"在这里,情爱是最不能信的东西",,,,0.0,cluster_0,cluster
c648f5df,小红书,2024/02/21,恋爱脑的战斗力为零!,,,,0.0,cluster_0,cluster
cde0c6f1,小红书,2024/02/19,现在求饶来得及吗...,,,,0.0,cluster_0,cluster
6d2fe487,小红书,2023/12/22,"祝你好梦,亲爱的猎物",,,,0.0,cluster_0,cluster
860d58a9,小红书,2023/11/05,一场为月经污名化的平反,#自由点益生菌,,,0.0,cluster_0,cluster
83476061,小红书,2023/10/25,"还以为是同一个人,原来是一对儿?!",,,,0.0,cluster_0,cluster
0b5ecd6d,小红书,2023/10/02,"食腐寄生变异体:你们看着,似乎更好吃",,,,0.0,cluster_0,cluster
65545cbd,小红书,2023/09/27,打工人!主打的就是一个能屈能伸!,,,,0.0,cluster_0,cluster
340a280c,小红书,2023/09/22,"救救我,不要丢下我",,,,0.0,cluster_0,cluster
201a7c53,小红书,2023/09/19,虫女|我吃下了一朵花,,,,0.0,cluster_0,cluster
bbb460d6,小红书,2023/08/22,"自你之后,我再没相信过她人",,,,0.0,cluster_0,cluster
b826b534,小红书,2023/08/07,"我的成人礼,想要你",,,,0.0,cluster_0,cluster
cb85cb4b,小红书,2023/08/06,"伪骨科)虽没有血缘关系,却都留着黑色的血",,,,0.0,cluster_0,cluster
41a39975,小红书,2023/08/05,"别回头,陪在你身边的人只有我",,,,0.0,cluster_0,cluster
f1c3160f,小红书,2023/07/14,"这便是,最后一课",#米哈游#崩坏星穹铁道#崩坏星穹铁道创作者激励计划#景元#镜流#彦卿#星穹铁道男团,,,0.0,cluster_0,cluster
717a76ef,小红书,2023/07/12,"可惜故事已经发生,可惜我无法改写",,,,0.0,cluster_0,cluster
51061ea6,小红书,2023/07/08,"是以旁观者清,却发现自己早已身在局中",,,,0.0,cluster_0,cluster
fcea325c,小红书,2023/06/28,"可是,他不爱我啊",,,,0.0,cluster_0,cluster
09f821dc,小红书,2023/06/21,我们就停在此刻吧,,,,0.0,cluster_0,cluster
5eaafbad,小红书,2023/06/02,君子报仇十年不晚!,,,,0.0,cluster_0,cluster
78f0b122,小红书,2023/05/31,啊!真是诡计多端的...,,,,0.0,cluster_0,cluster
283e2a95,小红书,2023/05/16,狐狸和猫的争宠日常,,,,0.0,cluster_0,cluster
d561a73e,小红书,2023/04/21,就是人菜瘾大!怎么样!(理直气壮),,,,0.0,cluster_0,cluster
98027ea9,小红书,2023/04/13,"你听到了吗,我震耳欲聋的思念",,,,0.0,cluster_0,cluster
80a88d2d,小红书,2023/04/08,"所以我该爱上的,到底是哥哥,还是弟弟...",,,,0.0,cluster_0,cluster
39bf3367,小红书,2023/04/01,一个平平无奇的偷心盗贼罢了,,,,0.0,cluster_0,cluster
8c56bfad,小红书,2023/03/23,我说我怎么都遇不到桃花呢!,#梦幻西游手游#梦幻西游手游周年庆,,,2.0,cluster_2,cluster
d6ea4899,小红书,2023/03/14,当心动对象主动献身该怎么办?在线等!,#短剧东栏雪,锦超,,0.0,cluster_0,cluster
a6853d15,小红书,2023/03/06,"玉兰沾香,那是我们的故事",#祖玛珑神仙颜值限量香#把新中式穿身上#今天穿什么香#这种感觉的香水#笔记灵感,,,0.0,cluster_0,cluster
301a301f,小红书,2023/03/04,打戏真不戳呀!我们不愧是宫廷江湖剧,#短剧东栏雪#东栏雪,,,0.0,cluster_0,cluster
1b9adc0a,小红书,2023/03/02,我们不需要救赎,#东栏雪,,,0.0,cluster_0,cluster
8f8f1510,小红书,2023/02/22,"我喜欢你,只因为你是你",,,,0.0,cluster_0,cluster
54baee18,小红书,2023/02/16,"我好像在等见到你的这一刻,等了很久",,,,0.0,cluster_0,cluster
7bb664ef,小红书,2023/02/01,"乱臣贼子又如何,我要的是赢",,,,0.0,cluster_0,cluster
3f4aa2cc,小红书,2023/01/29,没点本事自然是活不到今日...,,,,0.0,cluster_0,cluster
19f4680e,小红书,2023/01/20,原来是年兽啊!,,,,0.0,cluster_0,cluster
e485946a,小红书,2023/01/02,"好可惜啊,还以为我们会同路呢...",,,,0.0,cluster_0,cluster
39e3195f,小红书,2022/12/21,一个顶替兄长身份不择手段为兄报仇的公主,,,,0.0,cluster_0,cluster
a7039ae0,小红书,2022/12/08,"阿七,我带你去看花",,,,0.0,cluster_0,cluster
80cfc035,小红书,2022/12/01,去年拍的电影终于要上线啦,,,,0.0,cluster_0,cluster
5fe9c0e4,小红书,2022/11/20,你知道兰因絮果这句话吗?,,,,0.0,cluster_0,cluster
4ee79dd0,小红书,2022/11/18,"我们相爱一生,一生还是太短",,,,0.0,cluster_0,cluster
dc1b905f,小红书,2022/11/11,"我来拿回属于我的东西,有问题吗?",,,,0.0,cluster_0,cluster
057136ca,小红书,2022/11/02,浑身上下就只有嘴是硬的嘛?,,,,0.0,cluster_0,cluster
c0661242,小红书,2022/10/03,同样的招数我都用几百年了...,,,,0.0,cluster_0,cluster
29342b74,小红书,2022/10/02,"若非要说这世上有什么难解的题,那只能是..",,,,0.0,cluster_0,cluster
6e71d29e,小红书,2022/09/09,"抓到你的心了哦,魔君大人",,,,0.0,cluster_0,cluster
0c53fd51,小红书,2022/08/30,这就是传说中的包办婚姻?,,,,0.0,cluster_0,cluster
e88717a9,小红书,2022/08/20,海岸、晚霞、你,,,,0.0,cluster_0,cluster
aad67354,小红书,2022/08/07,"若不是师父自愿,凭我的本事又怎能困得住你?",,,,0.0,cluster_0,cluster
8690de72,小红书,2022/08/05,你你你..你怎么能用我的身体做这种事!,,,,2.0,cluster_2,cluster
0e395d3c,小红书,2022/08/01,我们怎么会走到今天这个地步呢?,,,,2.0,cluster_2,cluster
a4c084c2,小红书,2022/07/31,"再见啦,大海",,,,0.0,cluster_0,cluster
10576fda,小红书,2022/07/28,热烈的爱总会有被回应的一天吧,#TF礼物#TF白麝香枕边白昼礼盒,,,0.0,cluster_0,cluster
fb7901d2,小红书,2022/07/25,"爱意只是深藏,而从未消散",,,,0.0,cluster_0,cluster
b81af6a5,小红书,2022/07/23,"试问,谁能拒绝直球弟弟的表白呢?!",,,,0.0,cluster_0,cluster
d27051de,小红书,2022/07/22,我终于在打戏里站起来了!,,,,0.0,cluster_0,cluster
5e40c157,小红书,2022/07/20,"拥抱就不用了吧,他会生气的",,,,0.0,cluster_0,cluster
2e6a32cf,小红书,2022/07/20,怎么办?我被困在了梦里!,,,,0.0,cluster_0,cluster
40ed0b4e,小红书,2022/07/17,"(预告二)欢迎来到 答案之书~你好啊,有缘人",,,,0.0,cluster_0,cluster
b880d544,小红书,2022/07/15,(预告一)好想她能多在乎我一点...,,,,0.0,cluster_0,cluster
06b29530,小红书,2022/06/19,"得寸进尺又怎样,有本事你亲回来啊?",,,,0.0,cluster_0,cluster
ef970cbd,小红书,2022/06/09,"别怕,以后有我",,,,0.0,cluster_0,cluster
4d815ee5,小红书,2022/05/27,逍遥生 你怎么来了?,#梦幻西游手游,,,2.0,cluster_2,cluster
29e3ab87,小红书,2022/05/21,何必吃自己的醋呢?,,,,4.0,cluster_4,cluster
a04b85b0,小红书,2022/05/20,这个春天也要过去了呀,,,,0.0,cluster_0,cluster
4302113f,小红书,2022/05/18,先生不必见外,,,,0.0,cluster_0,cluster
550e4951,小红书,2022/05/16,你身上有光...,#520种新意告白#520爱的表白#迪奥玫瑰小粉钻#迪奥烈艳蓝金唇膏,锦超,,0.0,cluster_0,cluster
0efa5a72,小红书,2022/05/15,当我与教书先生灵魂互换后...该做些什么呢?,,,,0.0,cluster_0,cluster
8d960236,小红书,2022/05/09,"我从不信天命,我只相信命运要握在自己手里",,,,4.0,cluster_4,cluster
67cd8535,小红书,2022/05/03,"其实吧,恋爱这种事情,也是需要学习进步的",,,,0.0,cluster_0,cluster
de244d0a,小红书,2022/04/30,"道歉只是表现形式,而爱你才是本质啊",,,,0.0,cluster_0,cluster
d08dcc5a,小红书,2022/04/25,"(预告)夕阳里藏着爱意,如果可以的话...",,,,0.0,cluster_0,cluster
76f88d49,小红书,2022/04/18,解锁隐藏剧情,,,,2.0,cluster_2,cluster
93a5c754,小红书,2022/04/11,"(番外)你这是要打架的意思吗,老东西?",,,,0.0,cluster_0,cluster
decbd0ef,小红书,2022/04/06,(妖与仙番外)“小仙君不喜欢我穿成这样?,,锦超,,0.0,cluster_0,cluster
8eec9601,小红书,2022/04/04,又双叒叕打起来了!,,,,0.0,cluster_0,cluster
b4ae8a90,小红书,2022/04/02,(恶人组)不想你入地狱的是我..,,,,0.0,cluster_0,cluster
a19eed28,小红书,2022/04/01,"(预告)我知道殿下从未动心,所以我也是",,,,0.0,cluster_0,cluster
4f116e8d,小红书,2022/03/29,"原来我无法学会的,是她不爱你的样子",,,,0.0,cluster_0,cluster
72aeb947,小红书,2022/03/21,论一次拍摄要准备几套造型,,,,0.0,cluster_0,cluster
8edd9e19,小红书,2022/03/20,原来他该爱上的人不是我...而是你,,,,0.0,cluster_0,cluster
06e66282,小红书,2022/03/18,"(预告二)即使知道了结果,还是会飞蛾扑火吗?",,,,0.0,cluster_0,cluster
1905b884,小红书,2022/03/16,(预告一)那...我们约定好了!,,,,0.0,cluster_0,cluster
ccd9f883,小红书,2022/03/09,"那你打算,如何伺候我呀?",#长公主在上,,,0.0,cluster_0,cluster
840884a2,小红书,2022/03/03,江南,,,,0.0,cluster_0,cluster
d6650ab7,小红书,2022/02/26,你动心了,#长公主在上,,,0.0,cluster_0,cluster
1d2a68cf,小红书,2022/02/21,"若不是私心,我怎会奉你为主?",,,,0.0,cluster_0,cluster
a361c7ce,小红书,2022/02/15,小仙君想逃到哪里去呀?,,,,0.0,cluster_0,cluster
2e7a5cb5,小红书,2022/02/12,"顾玄清一把推开了公主,并对皇上说...",,,,0.0,cluster_0,cluster
75aac5c0,小红书,2022/02/11,"真的好喜欢小仙君啊”“那我来帮你,可好?",,,,0.0,cluster_0,cluster
3b169b64,小红书,2022/02/08,"我以玫瑰为信赠予你,许我的爱为占有",#祖玛珑神仙颜值限量香#香水瓶也有高颜值,,,0.0,cluster_0,cluster
cd125536,小红书,2022/02/05,"后宫三千,我只要你",,,,0.0,cluster_0,cluster
5914b309,小红书,2022/02/03,不过是戏如人生罢了,,,,0.0,cluster_0,cluster
db1ac4cd,小红书,2022/01/30,为什么不动手?”“嘶..我有点喜欢她,,,,0.0,cluster_0,cluster
146e7368,小红书,2022/01/28,"我知道其实我的手段并不高明,只是我赌赢了",,,,0.0,cluster_0,cluster
7c33c02f,小红书,2022/01/26,"(预告)如果是去见你,我一定会用跑的",,,,0.0,cluster_0,cluster
e5d31e0a,小红书,2022/01/19,(情人节特辑)契约的存在是因为喜欢啊,#ysl1966#YSL情人节#情人节礼物,,,0.0,cluster_0,cluster
ff6e650d,小红书,2022/01/09,"姻缘吧,上天既然安排了,就一定会让我们相遇",,,,0.0,cluster_0,cluster
5371b88b,小红书,2022/01/01,"只要你有心,我就能得到",,,,0.0,cluster_0,cluster
d4111f66,小红书,2021/12/29,"我以为你是真实的,可只是梦吗...",,,,0.0,cluster_0,cluster
16486f4a,小红书,2021/12/22,"许是从一开始,在花树下遇见的那刻起...",,,,0.0,cluster_0,cluster
7a7969d0,小红书,2021/12/14,女孩子的醋也吃吗?,,,,0.0,cluster_0,cluster
b7cd4431,小红书,2021/12/10,真是可笑...我竟然还以为有一瞬你爱的会是我,,,,0.0,cluster_0,cluster
87839959,小红书,2021/12/08,有韩剧那味吗?,,,,0.0,cluster_0,cluster
ad647315,小红书,2021/12/07,"现在想来,过去的偏爱皆是为她...",#古风视频,,,0.0,cluster_0,cluster
5fa11cef,小红书,2021/12/05,"你的壁纸,请查收",#YSL圣诞猎金派对,,,0.0,cluster_0,cluster
5459e565,小红书,2021/12/04,许是太过思念与不甘...,,,,0.0,cluster_0,cluster
13b1e644,小红书,2021/12/03,(ysl番外)做事情不能三心二意哦,,,,0.0,cluster_0,cluster
0501635c,小红书,2021/12/01,我也不想带他回家...可他撒着娇叫我姐姐诶,,,,0.0,cluster_0,cluster
c929d603,小红书,2021/12/01,"所以说啊,男朋友还得是自己养大的才比较乖",#YSL302#YSL圣诞猎金派对,,,4.0,cluster_4,cluster
2b3eaced,小红书,2021/11/29,一起逛街呀!上海的宝藏三坑店!,#诗与万花镜#探店,,,0.0,cluster_0,cluster
e87cd7b4,小红书,2021/11/26,"你亲了我,我就是你的人了",#古风视频,,,0.0,cluster_0,cluster
39cc3e38,小红书,2021/11/18,"你心里清楚,我们从来都是一个人",#古风视频,,,0.0,cluster_0,cluster
9652ddc9,小红书,2021/11/16,善恶并存,#古风视频,,,0.0,cluster_0,cluster
5e8e4009,小红书,2021/11/12,真以为自己是他?你永远变不成你哥哥!,#古风视频,,,4.0,cluster_4,cluster
26d5dd7c,小红书,2021/11/09,"你同你哥哥长得,真是一模一样",#古风视频,,,0.0,cluster_0,cluster
78f0cd73,小红书,2021/11/05,从来都只有自己才能拯救自己,#古风视频#海芙谜白月光,,,4.0,cluster_4,cluster
35061e4e,小红书,2021/11/01,"原来所谓相爱,从一开始便是错觉",#古风视频,锦超,,0.0,cluster_0,cluster
9cd35342,小红书,2021/10/30,"终于,找到你了",#古风视频,,,0.0,cluster_0,cluster
28622873,小红书,2021/10/28,你喜欢她呀?就跟当初喜欢我一样?,#古风视频,,,0.0,cluster_0,cluster
18dbd93a,小红书,2021/10/26,"只是因为,像她...而已吗",#古风视频,,,0.0,cluster_0,cluster
895739b8,小红书,2021/10/23,"传说中,那傣族雨林里有宝藏..",#古风视频,,,0.0,cluster_0,cluster
0c6b86bf,小红书,2021/10/22,私奔吧!,#古风视频,,,0.0,cluster_0,cluster
26962634,小红书,2021/10/21,这场赌局的输赢我不感兴趣...,#古风视频,,,0.0,cluster_0,cluster
a864b718,小红书,2021/10/18,"恨为剧毒,爱为解药",,,,0.0,cluster_0,cluster
a88f6d05,小红书,2021/10/12,"主动一点嘛,万一...",#古风视频,,,0.0,cluster_0,cluster
000db0ec,小红书,2021/10/09,"北方的雪好冷啊,哥,带我回家吧",#古风视频,,,0.0,cluster_0,cluster
b6dfb81e,小红书,2021/10/07,"(三兔番外五)那就一辈子咯,好不好?",#古风视频,,,0.0,cluster_0,cluster
b0b44635,小红书,2021/10/05,"以后跟着我吧,小乞丐",#古风视频,,,0.0,cluster_0,cluster
7c8704be,小红书,2021/10/03,(三兔番外三)相信一见钟情嘛?,#古风视频,锦超,,0.0,cluster_0,cluster
261ebde4,小红书,2021/10/01,"哥,我可能没有办法和你一起回家了",#古风视频,,,0.0,cluster_0,cluster
0ea251c5,小红书,2021/09/29,"哥,我不后悔",#古风视频,,,0.0,cluster_0,cluster
e5abafc7,小红书,2021/09/26,"不是儿臣变了,只是儿臣长大了",#古风视频,,,0.0,cluster_0,cluster
53578637,小红书,2021/09/24,(三兔番外二)小老鼠有什么好怕的...,,,,0.0,cluster_0,cluster
0704f94e,小红书,2021/09/22,别再等了,#古风视频,,,0.0,cluster_0,cluster
15067a8e,小红书,2021/09/22,(预告)若我会是你往后的执念,#古风视频,,,0.0,cluster_0,cluster
5144b4e5,小红书,2021/09/20,"(三兔番外一)中秋了,没月饼,就请大家吃糖吧",#古风视频,,,0.0,cluster_0,cluster
7788f8e3,小红书,2021/09/14,"我总会陪着你的,姐姐",#古风视频,,,0.0,cluster_0,cluster
7b9245cf,小红书,2021/09/11,"我写的小说里,徒弟偷偷喜欢师父..",#古风视频,,,0.0,cluster_0,cluster
c7de3ab9,小红书,2021/09/09,"那天是惊蛰,我看见了漫天花瓣",#白蛇2青蛇劫起,,,0.0,cluster_0,cluster
ec3d5738,小红书,2021/09/03,夜夜笙歌,#古风视频,,,0.0,cluster_0,cluster
0b3c687b,小红书,2021/08/31,"(番外一)所以,即使只有我为你而来",#古风视频,,,0.0,cluster_0,cluster
2dbc6d3a,小红书,2021/08/30,"你猜猜,你抓到的,是仙子还是妖怪?",,,,0.0,cluster_0,cluster
acd36e31,小红书,2021/08/26,终究只是我们大梦了一场...,#古风视频,,,0.0,cluster_0,cluster
c7bef5ff,小红书,2021/08/24,"这世间我来过一趟,还能遇见你...",#古风视频#花皙蔻,,,0.0,cluster_0,cluster
1fc47dda,小红书,2021/08/20,长久的爱意从来不是单向奔赴,#香膏#三兔香膏,,,0.0,cluster_0,cluster
15d6c49c,小红书,2021/08/18,(存档)GB真是令人上头的文学,#古风视频,,,0.0,cluster_0,cluster
f117e3a9,小红书,2021/08/14,"(预告)你是什么东西,也配来问我",#古风视频,,,0.0,cluster_0,cluster
53249a9e,小红书,2021/08/13,"我永远记得,你...来过",#一生锁爱永结同心#古风视频,,,0.0,cluster_0,cluster
1b07b7d4,小红书,2021/08/12,(打戏)裂缝,#古风视频,,,0.0,cluster_0,cluster
6e9a9d0e,小红书,2021/08/10,"(预告)阿爹说的没错,女追男隔层纱",#古风视频,,,0.0,cluster_0,cluster
74c05bea,小红书,2021/08/08,好久没有画过女团妆了!爱了爱了,#每日穿搭,,,0.0,cluster_0,cluster
6716dd93,小红书,2021/08/06,(预告)自己爱上自己是种什么样的体验,#古风视频,,,4.0,cluster_4,cluster
4eca453f,小红书,2021/08/04,"你不哄哄我吗?好吧别生气,我自己哄还不行嘛",#古风视频,,,4.0,cluster_4,cluster
bd91bd17,小红书,2021/08/03,一个黑帮大佬为爱成奴的小故事,#国风美人,,,0.0,cluster_0,cluster
786a033b,小红书,2021/07/26,这个故事到底该有怎么样的结局呢?,,,,0.0,cluster_0,cluster
9c41029d,小红书,2021/07/24,这次是一个痞帅的小将军,,,,0.0,cluster_0,cluster
4ac4f3e8,小红书,2021/07/23,小兔子要去哪玩儿?带着我呗,,,,0.0,cluster_0,cluster
6cfbd841,小红书,2021/07/22,蒙眼让本就近视的我雪上加霜!,,,,0.0,cluster_0,cluster
40caec71,小红书,2021/07/20,(芙清预告)看个视频清凉一下吧,,,,0.0,cluster_0,cluster
4562df59,小红书,2021/07/18,"殊途,殊途...",,,,0.0,cluster_0,cluster
74cd5202,小红书,2021/07/15,是夏天的荷塘呀,,,,0.0,cluster_0,cluster
af865478,小红书,2021/07/12,"迷人而危险,来自于对权力的欲望和野心",,,,0.0,cluster_0,cluster
1647bc1e,小红书,2021/07/10,"闪现bw,今天是个忧郁的帅哥",,,,0.0,cluster_0,cluster
0fa9bc53,小红书,2021/07/06,一个小合集。我不愧是人间bebe机,,,,0.0,cluster_0,cluster
9cbd20a3,小红书,2021/07/05,"狗狗都有甲了,你呢?",,,,0.0,cluster_0,cluster
d7599a18,小红书,2021/07/04,"神救不了你,唯有自救",,,,0.0,cluster_0,cluster
5cfdc45a,小红书,2021/07/02,原来竟只是我一人的执念罢了,,,,0.0,cluster_0,cluster
46743f8b,小红书,2021/06/29,情之一字啊...,,,,0.0,cluster_0,cluster
b587d0ae,小红书,2021/06/20,"公主,我来带你走”“好",,,,0.0,cluster_0,cluster
595aafc9,小红书,2021/06/19,"故事的结局,也许...",,,,0.0,cluster_0,cluster
5314d17d,小红书,2021/06/13,这个bgm不剪不是人!,,,,0.0,cluster_0,cluster
8d7fd26a,小红书,2021/06/13,"人生苦短,何妨一试",,,,0.0,cluster_0,cluster
bf918745,小红书,2021/06/11,"当爱恨情仇,都化乌有",,,,0.0,cluster_0,cluster
3d802680,小红书,2021/06/09,"没有纯,只有御",,,,0.0,cluster_0,cluster
9fd0ace5,小红书,2021/06/08,"这次,谁是猎物?",,,,0.0,cluster_0,cluster
cea30671,小红书,2021/06/05,"下辈子吧,下辈子...",,,,0.0,cluster_0,cluster
96f94bdc,小红书,2021/06/02,"我输就输在,我才是动了真心的那个",,,,0.0,cluster_0,cluster
9c378871,小红书,2021/05/31,"一介凡人,竟敢弑神",,,,0.0,cluster_0,cluster
ee403ef3,小红书,2021/05/31,后妈即视感,,,,0.0,cluster_0,cluster
1ee198e5,小红书,2021/05/28,眼花缭乱,,,,0.0,cluster_0,cluster
1e458319,小红书,2021/05/26,还记得这个回眸吗?,,,,0.0,cluster_0,cluster
ff7a2580,快手,2021/05/21,我这种恶鬼怎么会有心呢”“我的给你,,知竹zZ,,2.0,cluster_2,cluster
37ff45c4,快手,2021/05/20,"抓到一只小白兔。 (本来是发苦糖的,想想今天还是给大家发个甜的吧!)",,,,0.0,cluster_0,cluster
a1486eb0,快手,2020/11/27,为何偏偏要错过我呢,,,,0.0,cluster_0,cluster
762a0766,快手,2025/06/26,做我的小狗!,#互动影游#盛世天下,,,0.0,cluster_0,cluster
5539b5dd,快手,2025/04/10,"曾经我也以为,遇见你是我此生最幸运的事",#梦幻手游盘丝洞,,,0.0,cluster_0,cluster
a54aa150,快手,2025/04/01,"你在这,我又能逃去哪呢?",,,,0.0,cluster_0,cluster
5a799bc6,快手,2024/10/26,"你看我手无缚鸡之力的样子,怎么会杀人呢...",,,,2.0,cluster_2,cluster
97f2a3f0,快手,2024/10/15,"我哪也不去,就在这里等你",,,,0.0,cluster_0,cluster
3877ace6,快手,2024/10/13,你是哪里来的客人呀?,,,,0.0,cluster_0,cluster
73ac61d8,快手,2024/10/10,"能不能再见她一面,算我求你,周舟”听到曾经不可一世略带鄙夷的男声变得柔软且小心翼翼,周舟停下敲击键盘的手,漫不经心地托着下巴,孟麟看不见面具之下扬起的得逞的笑。“好,可你不再是白梦霖",#浮华梦#快手星芒短剧,,,0.0,cluster_0,cluster
77a1c350,快手,2024/10/09,"爱人错过,就真的错过了吗... 我知道,我不再是她",#浮华梦#快手星芒短剧,,,0.0,cluster_0,cluster
52956c15,快手,2024/10/08,"情之所至,假亦是真。 如果活着的机会只有一个,那么我死,你生",#浮华梦#快手星芒短剧,,,0.0,cluster_0,cluster
f6b69db4,快手,2024/10/07,"不说出口的爱,就可以视而不见、自欺欺人",#浮华梦#快手星芒短剧,,,0.0,cluster_0,cluster
6be1cc00,快手,2024/10/06,"我想你在这个世界能幸福,哪怕没有我",#浮华梦#快手星芒短剧,,,0.0,cluster_0,cluster
d81bdde8,快手,2024/10/05,"一场心知肚明的错付,一个人的偏向注定无疾而终",#浮华梦#快手星芒短剧,,,0.0,cluster_0,cluster
5c4c2b38,快手,2024/10/04,"我的蜡烛,灭了”“还有我",#浮华梦#快手星芒短剧,,,0.0,cluster_0,cluster
61fb21ef,快手,2024/09/29,"她点亮了我的火把之后离去,我便用她留下的火种燃起蜡烛。”—顾月",#浮华梦#快手星芒短剧,,,0.0,cluster_0,cluster
f9b1aa5d,快手,2024/09/28,"这个苦难总多降临的世道不可能一帆风顺,但此刻永远美好",#浮华梦#快手星芒短剧,,,0.0,cluster_0,cluster
9d98f5b3,快手,2024/09/27,"我知道,你一定会来",#浮华梦#快手星芒短剧,,,0.0,cluster_0,cluster
a3a36560,快手,2024/09/21,他在跟我?表表...表白?!,#浮华梦#快手星芒短剧,,,0.0,cluster_0,cluster
a28a8571,快手,2024/09/20,"好险,好险...",#浮华梦#快手星芒短剧,,,0.0,cluster_0,cluster
0d842f5e,快手,2024/09/15,解锁新地图—温馨的家,#浮华梦#快手星芒短剧,,,0.0,cluster_0,cluster
635df798,快手,2024/09/14,雄竞才是正确方向!,#浮华梦#快手星芒短剧,,,0.0,cluster_0,cluster
682fcc3f,快手,2024/09/13,这个程泽笙怎么怪怪的...看人瘆得慌,#浮华梦#快手星芒短剧,,,2.0,cluster_2,cluster
1472f391,快手,2024/09/08,开出游戏隐藏皮肤?她怎么穿什么都好看...,#浮华梦#快手星芒短剧,,,2.0,cluster_2,cluster
9c983bb0,快手,2024/09/07,"这攻略对象要么不来,要么一个接一个!烦不烦啊!",#浮华梦#快手星芒短剧,,,0.0,cluster_0,cluster
1c26afbd,快手,2024/09/05,"她不喜欢他?!咳,我早猜到了!",#浮华梦#快手星芒短剧,,,0.0,cluster_0,cluster
bc023472,快手,2024/09/03,第二个攻略对象终于出现!但剧情走向似乎有点不太对劲啊?,#浮华梦#快手星芒短剧,,,0.0,cluster_0,cluster
de10a6b8,快手,2024/09/02,"男主是反派,女主脑子不正常,你们锁死吧,也好让我早点离开这个破游戏!",#浮华梦#快手星芒短剧,,,0.0,cluster_0,cluster
381301c0,快手,2024/09/01,如果攻略对象是个反派...你还会继续吗?,#浮华梦#快手星芒短剧,,,0.0,cluster_0,cluster
75b33ce8,快手,2024/08/31,...这就是恋爱脑吗?,#浮华梦#快手星芒短剧,,,0.0,cluster_0,cluster
c369d201,快手,2024/08/30,威胁我?!我忍!我不跟你游戏人物较劲!一切为了通关!,#浮华梦#快手星芒短剧,,,0.0,cluster_0,cluster
39e605ba,快手,2024/08/25,"到底是大灰狼装小白兔,还是小白兔装大灰狼?",#浮华梦#快手星芒短剧,,,0.0,cluster_0,cluster
a2d95d18,快手,2024/08/25,"有人一开始口口声声说这只是一场游戏,结果怎么暗中处处留心",#短剧浮华梦,,,2.0,cluster_2,cluster
517cc40a,快手,2024/08/23,"男嘉宾一号登场,狗血三角恋开始了?",#浮华梦#快手星芒短剧,,,0.0,cluster_0,cluster
55545a59,快手,2024/08/23,"就算是一场梦,就算未来不再相见,这一世,我只想守护好你@芝月",#短剧浮华梦,,,0.0,cluster_0,cluster
f4ca980a,快手,2024/08/18,一个恋爱游戏还有外挂?,#浮华梦#快手星芒短剧,,,0.0,cluster_0,cluster
e410a222,快手,2024/08/17,"想洞房花烛是吧?来,你先看看我的拳头它硬不硬?",#浮华梦#快手星芒短剧,,,0.0,cluster_0,cluster
02ace75f,快手,2024/08/16,"什么破老板,让你瞧不起纸片人的力量是吧?好好享受我为你定制的这场游戏吧",#浮华梦#快手星芒短剧,,,0.0,cluster_0,cluster
746c47ae,快手,2024/08/14,"紧握她的手,共赴乱世风雨",#浮华梦#浮华梦定档0816,,,0.0,cluster_0,cluster
16c801cc,快手,2024/07/20,"站在人生的十字路口,年轻人应该如何选择未来的方向?“80后”“90后”和“00后”的职业选择有什么不同?三代人看似不同的人生轨迹却有着相同的价值取向。或许人生不必按导航走,只要心有所向,便能乘风破浪",#生活有解,,,0.0,cluster_0,cluster
984a7049,快手,2024/03/15,"在这里,情爱是最不能信的东西",,,,0.0,cluster_0,cluster
2fb0c191,快手,2024/03/13,"后宫从不是目的,这天下才有意义",,,,0.0,cluster_0,cluster
ccdb63d8,快手,2023/12/27,自食恶果之时,#月白之时,,,0.0,cluster_0,cluster
0c7a7f64,快手,2023/12/23,"从变成人类的那刻起,我便已在等待这一刻的牺牲",#月白之时,,,0.0,cluster_0,cluster
b42e69e8,快手,2023/12/22,"她逃,他追,他们已插翅难飞?",#月白之时,,,0.0,cluster_0,cluster
a26d4a7a,快手,2023/12/20,"只怪我自己有眼无珠,没看见你伪善面具之下的丑恶嘴脸",#月白之时,,,4.0,cluster_4,cluster
92137ede,快手,2023/12/16,家人没谁懂啊!白语居然亲自来找我帮忙!(如果烦人精没跟来就更好了!),#月白之时,,,0.0,cluster_0,cluster
b24ad7f8,快手,2023/12/15,"利欲熏心之人,必自咽苦果",#月白之时,,,0.0,cluster_0,cluster
4ea262fa,快手,2023/12/13,"对不起,让你有了希望又失望",#月白之时,,,0.0,cluster_0,cluster
2f09194b,快手,2023/12/09,神女的身份还是藏不住了吗...,#月白之时,,,0.0,cluster_0,cluster
fe69341b,快手,2023/12/06,"不用害怕,万事有我在你身后",#月白之时,,,0.0,cluster_0,cluster
29bd2906,快手,2023/12/01,"他上辈子一定是茶叶吧,技能点这么高!",#月白之时,,,0.0,cluster_0,cluster
150f5132,快手,2023/11/29,"我的好运,从遇见你那天就开始了",#月白之时,,,0.0,cluster_0,cluster
bca989fd,快手,2023/11/28,你才未成年!你们全家都未成年!,#月白之时,,,0.0,cluster_0,cluster
cdfaba25,快手,2023/11/27,"别想了,我才是她的白月光!",#月白之时,,,0.0,cluster_0,cluster
2425ac46,快手,2023/11/25,求助:怎么赶走这个电灯泡?安总在线等!,#月白之时,,,2.0,cluster_2,cluster
0df49263,快手,2023/11/24,"回不去的大海,还有尚未完成的责任",#月白之时,,,0.0,cluster_0,cluster
a07b5cd4,快手,2023/11/23,"三人行,必有电灯泡!",#月白之时,,,0.0,cluster_0,cluster
311a3411,快手,2023/11/20,偶像、姐姐、讨厌鬼,#月白之时,,,0.0,cluster_0,cluster
86cf0824,快手,2023/11/20,美人鱼特工上岸!所以三个人的世界终究是太拥挤了吗?,#月白之时,,,0.0,cluster_0,cluster
161e2cee,快手,2023/11/05,"一场为月经污名化的平反。 本就没有什么不洁污秽,愿大家坦然对待,勇破偏见",,,,0.0,cluster_0,cluster
e88d287b,快手,2023/10/25,"恋爱嘛,总要透过现象看本质",,,,0.0,cluster_0,cluster
8efa7cfe,快手,2023/10/02,"设定:污染后的末日来临,某反人类叛逃组织私自进行活体寄生实验。实验室中,存活下来的最后一只,被群体寄生的虫女试验体,发生了变异... 策划: (下乡版) 妆造",,"夏弃疾(下乡版),燕子坞主",,0.0,cluster_0,cluster
da2f86cc,快手,2023/09/27,"既然你于我有救命之恩,那不如你以身相许",,,,0.0,cluster_0,cluster
9ccdc2ca,快手,2023/09/22,"救救我,不要丢下我。 策划: (下乡版)",#核污染,夏弃疾(下乡版),,0.0,cluster_0,cluster
efc1ae5e,快手,2023/08/22,"自你之后,我再没相信过她人",,,,0.0,cluster_0,cluster
d101b909,快手,2023/08/10,"现在回想起《长公主在上》的拍摄过程依旧历历在目,那时候长公主脚下的地板是翘的,衣服是破的,但我们要拍好这部短剧的心是真的,我想这也是长公主受到那么多粉丝朋友喜爱的原因吧",#2023光合创作者大会#老铁说#热爱让收获更多,,,0.0,cluster_0,cluster
60808a59,快手,2023/08/09,明天直播见,#2023光合创作者大会#老铁说,,,0.0,cluster_0,cluster
17cfbfae,快手,2023/08/08,回忆杀,#2023光合创作者大会#我为光合代言#热爱让收获更多,,,0.0,cluster_0,cluster
6eeefd9d,快手,2023/08/06,"(伪骨科)虽然没有血缘关系,却都流着黑色的血呢",,,,0.0,cluster_0,cluster
95ba8f15,快手,2023/07/14,这便是最后一课,,,,0.0,cluster_0,cluster
a32e6859,快手,2023/07/12,"可惜故事已经发生,可惜我无法改写",,,,0.0,cluster_0,cluster
7b7b9ecd,快手,2023/07/08,"是以旁观者清,却发现自己早已身在局中。、荣荣",,"团子,小瑜,杨老麦,千里明,青蛙",,0.0,cluster_0,cluster
ad95d5f6,快手,2023/06/28,"我曾以为的是青梅竹马、两情相悦的情意,可回过神来,只剩自己被困在名为他爱我的牢笼里。 而他,只是遵守了约定",,,,4.0,cluster_4,cluster
2fc78b64,快手,2023/06/21,"我们就停在此刻吧,万般圆满,已是最好的结尾",,,,0.0,cluster_0,cluster
fd184af1,快手,2023/06/02,"区区小妖,本大师出马,还能拿不下你了?!",,,,0.0,cluster_0,cluster
ad8dd669,快手,2023/05/31,真是诡计多端的...,,,,0.0,cluster_0,cluster
093f247f,快手,2023/04/21,人菜瘾大罢了,,,,0.0,cluster_0,cluster
f373e4cd,快手,2023/04/18,查收4亿福利,,,,0.0,cluster_0,cluster
84125d23,快手,2023/04/12,偷偷去剧组打了一个小工~ 祝长月大爆,#长月烬明,,,0.0,cluster_0,cluster
ba3cfa95,快手,2023/04/08,"我居然到最后才想起...原来小时候救了我的那个人,是你",,,,0.0,cluster_0,cluster
56e32527,快手,2023/04/01,一个平平无奇的偷心盗贼罢了,,,,0.0,cluster_0,cluster
d7c23296,快手,2023/03/22,"我爱你,是无人知晓的秘密。包括我自己...",#东栏雪,,,4.0,cluster_4,cluster
48b5d7bb,快手,2023/03/14,"或许我之于你,只是交易和利用的棋子...但你对于我而言,却是这世间仅有的温暖,如荒漠甘霖、雪中箩炭",#短剧东栏雪,,,0.0,cluster_0,cluster
c4e6ce62,快手,2023/03/04,"你这么狠毒跟谁学的? 哦,原来是跟我学的",,,,0.0,cluster_0,cluster
4acd98c3,快手,2023/03/02,"我以为我会一直一个人,从深渊到地狱...可你却说你要一直陪着我",#东栏雪#短剧东栏雪,,,0.0,cluster_0,cluster
e57e4935,快手,2023/02/22,"我喜欢你,只因为你是你啊",,,,0.0,cluster_0,cluster
8cac07d5,快手,2023/02/16,"我好像在等见到你的这一刻,等了很久",,,,0.0,cluster_0,cluster
6cfc4739,快手,2023/02/01,"乱臣贼子又如何,我要的是赢",,,,0.0,cluster_0,cluster
a0c6381b,快手,2023/01/29,"不把水搅浑,还怎么看好戏呢?",,,,2.0,cluster_2,cluster
f04a5fa1,快手,2023/01/20,"愿得长如此,年年物候新",#以不变应万变#兰蔻二代小黑瓶,,,0.0,cluster_0,cluster
748faafb,快手,2022/12/21,"五皇子也不会想到,在他死后自己捧在手心宠爱的妹妹会不择手段成为他,外界传言五皇子久病过后性情大变,曾经的温润不在,如今只剩狠戾凶残。 谁也不知那仇恨钻心夜夜萦绕,她无法忘记",,,,4.0,cluster_4,cluster
2dcf9bef,快手,2022/12/08,"阿七,我带你去看十里樱花",,,,0.0,cluster_0,cluster
9c996ec9,快手,2022/12/01,去年拍的电影终于要上啦!,,,,0.0,cluster_0,cluster
9707af42,快手,2022/11/20,你知道兰因絮果这句话吗?,,,,0.0,cluster_0,cluster
50cd315d,快手,2022/11/18,"猜猜我们的相遇,会是是什么故事?",,,,0.0,cluster_0,cluster
4eafc3eb,快手,2022/11/11,回国复仇的恶女!,,,,0.0,cluster_0,cluster
cf4cb1a5,快手,2022/11/02,浑身上下就只有嘴是硬的嘛?,#秋日暴击,,,0.0,cluster_0,cluster
8df4bad1,快手,2022/10/03,"同样的招数我都用几百年了,你怎么次次都上当啊",,,,2.0,cluster_2,cluster
8d6993c0,快手,2022/10/02,"若非要说这世上有什么难解的题,那就是三皇子的心思了吧",#秋日暴击,,,0.0,cluster_0,cluster
cd7faf62,快手,2022/09/30,"骗你是情理之中,爱上你在意料之外。 于我而言,你已是最珍贵的存在",#秋日暴击,,,0.0,cluster_0,cluster
396c8997,快手,2022/09/09,"抓到你的心了哦,魔君大人",,,,0.0,cluster_0,cluster
dc45d498,快手,2022/08/30,"门口那个算命很准的老头可说了,你和我啊就是天造地设的一对!所以林然,你跑不掉的!",,,,0.0,cluster_0,cluster
c8fef99c,快手,2022/08/07,"若不是师父自愿,凭我的本事又怎能困得住你?事到如今,师父为何还不愿承认自己是爱我的?",,,,4.0,cluster_4,cluster
2f1258dc,快手,2022/08/05,你你你你怎么能用我的身体做这种事!,,,,2.0,cluster_2,cluster
4a3a2a35,快手,2022/08/01,我们怎么会走到今天这个地步呢?,,,,2.0,cluster_2,cluster
b6260938,快手,2022/07/28,热烈的爱总会有被回应的一天吧,,,,0.0,cluster_0,cluster
ee9cd88d,快手,2022/07/25,"【答案之书|红色芍药篇(三)】爱意只是深藏,而从未消散。过程可能曲折,但结局依旧美好",,,,0.0,cluster_0,cluster
39943466,快手,2022/07/23,"【答案之书|红色芍药篇(二)】试问,谁能拒绝直球弟弟的表白呢?!",,,,0.0,cluster_0,cluster
0c399f86,快手,2022/07/22,我终于在打戏里站起来了!,,,,0.0,cluster_0,cluster
ff14a574,快手,2022/07/20,"拥抱就不用了吧,他会不高兴的",,,,0.0,cluster_0,cluster
7b848d2b,快手,2022/07/20,"【答案之书|红色芍药篇(一)】听说只要虔诚地发问,答案之书就会有所回应?",,,,0.0,cluster_0,cluster
9fb06f89,快手,2022/07/17,"(预告二)欢迎来到答案之书~你好啊,有缘人",,,,0.0,cluster_0,cluster
ab53a2da,快手,2022/07/15,"(预告一)好想她能多在乎我一点,就像我这么这么在乎她一样",,,,0.0,cluster_0,cluster
5ffa495c,快手,2022/06/19,"小世子不喜欢我吗?没关系~本郡主就喜欢强扭的瓜,万一它甜呢!",,,,0.0,cluster_0,cluster
2fa601b5,快手,2022/06/09,"别怕,以后有我。”不会食言",,,,0.0,cluster_0,cluster
f22c5ea7,快手,2022/05/21,"你又何必吃自己的醋呢,魔君大人",,,,4.0,cluster_4,cluster
683b396c,快手,2022/05/18,"先生不必见外,如今你的就是我的,我的就是你的呀!",,,,0.0,cluster_0,cluster
d95692bf,快手,2022/05/16,"虽是自私了一些,但你身上有光,我想将它生生世世系在身旁",,,,0.0,cluster_0,cluster
4c390031,快手,2022/05/10,"我从不信天命,我只相信命运要握在自己手里",,,,4.0,cluster_4,cluster
0989c823,快手,2022/05/03,"其实吧,恋爱这种事情,也是需要学习进步的~虽然口嫌但是体正啊!",,,,0.0,cluster_0,cluster
242f3b31,快手,2022/04/30,"道歉只是表现形式,而爱你才是本质啊",,,,0.0,cluster_0,cluster
66b56830,快手,2022/04/25,"(ysl预告番外5)夕阳里藏着爱意,如果可以的话,在春天见一面吧",,,,0.0,cluster_0,cluster
45466ede,快手,2022/04/11,"(ysl番外3?你这是要打架的意思吗,老东西?)",,,,0.0,cluster_0,cluster
7951f977,快手,2022/04/06,"(妖与仙番外1)“怎么小仙君不喜欢我穿这身衣服吗?”“小仙君可是想她了?”“小仙君不要不开心了,看看我吧,反正我与她一模一样啊”“小仙君若不吃这糕点,我可要亲自喂你吃了",,锦超,,0.0,cluster_0,cluster
10f03959,快手,2022/04/04,又双叒叕打起来了!,,,,0.0,cluster_0,cluster
24d66681,快手,2022/04/02,"(恶人组)不想你入地狱的人是我,可拖你入地狱的人也是我。:@",,知竹zZ,,0.0,cluster_0,cluster
33f62d40,快手,2022/04/01,"(预告)我知道殿下从未动心,所以,我也是",,,,0.0,cluster_0,cluster
e15c746f,快手,2022/03/29,"即使我变成了她的样子,但始终学不像她。 原来...我无法学会的,只是她不爱你的样子",,,,0.0,cluster_0,cluster
7d6d6124,快手,2022/03/20,"爱你的人,终会回到你身边",,,,0.0,cluster_0,cluster
4bd39f46,快手,2022/03/18,"(预告二)即使知道了结果,还是会飞蛾扑火吗?",,,,0.0,cluster_0,cluster
c38b6a9d,快手,2022/03/16,(预告一)那...我们约定好了!,,,,0.0,cluster_0,cluster
5dc3f9d5,快手,2022/03/09,那你打算如何伺候我呀?,#长公主在上全员戏精#长公主在上,,,0.0,cluster_0,cluster
47a0e9c0,快手,2022/03/08,一个花絮,#长公主在上,,,0.0,cluster_0,cluster
49139416,快手,2022/02/26,你动心了,#长公主在上,,,0.0,cluster_0,cluster
992f77e7,快手,2022/02/21,"若不是私心,我怎会奉你为主? 如今既得不到,那便也无需伪装了",,锦超,,0.0,cluster_0,cluster
7875eca1,快手,2022/02/15,"为何这么久才放本君出来,是看上那小子了?”“怎么会,只是觉得有趣罢了",,,,2.0,cluster_2,cluster
db9f13f5,快手,2022/02/12,"顾玄清一把推开了公主,并对皇上说,“这是另外的价钱",#长公主在上,,,0.0,cluster_0,cluster
825f8cd6,快手,2022/02/11,"真的好喜欢小仙君啊”“那我来帮你,可好?",,,,0.0,cluster_0,cluster
be65965b,快手,2022/02/05,"是啊,就不该轻易把心交出去。 (开播了大家赶紧去看,观看指路@知竹zZ )",#长公主在上,,,0.0,cluster_0,cluster
50065f58,快手,2022/02/03,不过是戏如人生罢了,#黑爪香水,,,0.0,cluster_0,cluster
ffbf3a8c,快手,2022/01/30,"喂喂喂,好歹我们也不是一般的关系,不要这么凶吧?”“怎么了?那天没动手你后悔了?”“那天晚上啊...我可舍不得”:、 喵喵",#冬日暴击,"朵声,玖柯9k,思思Sr,汉服梳妆",,0.0,cluster_0,cluster
3d5d34b2,快手,2022/01/28,"我知道我的手段其实并不高明,我只是赌赢了。赌你,是真的爱我",#冬日暴击,,,0.0,cluster_0,cluster
5c9d984b,快手,2022/01/26,"如果是去见你,我一定会用跑的",#冬日暴击,,,0.0,cluster_0,cluster
bd29641b,快手,2022/01/19,"所以,契约的存在是因为喜欢啊,印记的出现不是意外,而是因为我心动了",#情人节礼物#ysl1966#YSL情人节,,,0.0,cluster_0,cluster
695423d7,快手,2022/01/07,"所以姻缘嘛,上天既然安排了,就总会让我们相遇的",,,,0.0,cluster_0,cluster
09eecf57,快手,2022/01/01,"只要你有心,我就能得到",,,,0.0,cluster_0,cluster
94f3ad1d,快手,2021/12/29,"我以为你是真实的,可只是梦吗...",,,,0.0,cluster_0,cluster
2db85740,快手,2021/12/22,"许是从一开始,在花树相遇的那刻起,便都错了...",,锦超,,0.0,cluster_0,cluster
52a1ced4,快手,2021/12/14,"(ysl番外2)总感觉他生气了,但他为什么生气啊!看美人跳舞不应该是件高兴的事吗?",,锦超,,0.0,cluster_0,cluster
6c1fef80,快手,2021/12/10,真是可笑啊...我竟然还以为有一瞬间你爱的会是我,,,,0.0,cluster_0,cluster
003ace99,快手,2021/12/07,"现在想来,过去的偏爱皆是为她,于我而言不过是一场笑话",,,,0.0,cluster_0,cluster
991f5e13,快手,2021/12/04,许是太过不甘与思念吧... 下一世的圆满化不开我这缕上一世的执念。 我自私的想让你记得我,#冰希黎大师精粹系列,锦超,,0.0,cluster_0,cluster
069d4933,快手,2021/12/03,"(ysl番外)做事情不可以三心二意哦~ (顺便在线等个配音,快艾特你们喜欢的声音博主来配!)",,锦超,,0.0,cluster_0,cluster
65cf3357,快手,2021/12/02,"我也不想带他回家的,可是他撒着娇叫我漂亮姐姐诶...",,,,0.0,cluster_0,cluster
a21ebde9,快手,2021/12/01,"所以说啊,男朋友还得是自己养大的才比较乖",#YSL302#YSL圣诞猎金派对,,,4.0,cluster_4,cluster
6e2324f5,快手,2021/11/26,"你亲了我,我就是你的人了!",,,,0.0,cluster_0,cluster
4b5673b8,快手,2021/11/18,"你心里清楚,我和她从来都是一个人。你爱她,却为何不能接受我?",,,,0.0,cluster_0,cluster
6c0a40be,快手,2021/11/16,善恶并存,,,,0.0,cluster_0,cluster
47f08b02,快手,2021/11/12,"你真以为自己是他了?你永远变不成你哥哥!”我从未对他发过这么大的火...只是恼他终究不是他,可自己还是爱上了他以外的人",#夫诸,,,4.0,cluster_4,cluster
127986d6,快手,2021/11/09,"抬头”他永远记得第一次来到偌大的皇宫,身着丧服的女人对他说的第一句话。“以后你就是他",,,,0.0,cluster_0,cluster
0c117e7e,快手,2021/11/01,"原来所谓相爱,从一开始便是错觉。 你不是他,我也成不了她。 所以,你还想我们相互欺骗到什么时候",,锦超,,0.0,cluster_0,cluster
eb45d53e,快手,2021/10/30,"终于,找到你了",,,,0.0,cluster_0,cluster
fd97b1b4,快手,2021/10/28,你喜欢她呀?就跟当初喜欢我一样?”“...你真以为我不会对你动手吗?”“你总是这么心慈手软,,,,0.0,cluster_0,cluster
adaafbf4,快手,2021/10/26,只是因为像她...而已吗,,,,0.0,cluster_0,cluster
d79634b2,快手,2021/10/24,"突然发现这个配音,好合适!",,,,0.0,cluster_0,cluster
4d240ad2,快手,2021/10/23,"传说中,那傣族雨林里有宝藏...",,,,0.0,cluster_0,cluster
ce7dcf61,快手,2021/10/22,私奔吧!,,,,0.0,cluster_0,cluster
4261098a,快手,2021/10/21,"这场赌局的输赢我不感兴趣,只是想看看你们的结局而已",,,,0.0,cluster_0,cluster
23f68426,快手,2021/10/18,"恨为剧毒,爱为解药",,,,0.0,cluster_0,cluster
0db4c101,快手,2021/10/14,"若真有这么一天,战场之上,我不幸被俘,还希望你能亲手了结我的性命",,,,0.0,cluster_0,cluster
5cf27f67,快手,2021/10/12,"主动一点嘛,万一你喜欢的人刚好也喜欢你呢!",,,,0.0,cluster_0,cluster
1069556f,快手,2021/10/07,"(三兔番外五)既然是我弄乱了你的心,那不然...你就来弄乱我的床吧",,,,0.0,cluster_0,cluster
6afb828f,快手,2021/10/05,"以后跟着我吧,小乞丐",,,,0.0,cluster_0,cluster
c5d4e794,快手,2021/10/03,"(三兔番外3)相信一见钟情吗?其实吧,见你的第一面我就想嫁给你了",,,,0.0,cluster_0,cluster
4c374a93,快手,2021/10/01,哥... 我可能没有办法和你一起回家了,,,,0.0,cluster_0,cluster
0e496758,快手,2021/09/29,"(预告)哥,我不后悔",,,,0.0,cluster_0,cluster
10e40de5,快手,2021/09/26,"不是儿臣变了,只是儿臣长大了,您该高兴才是,父皇",,,,0.0,cluster_0,cluster
d19ea456,快手,2021/09/24,"(三兔番外二)小老鼠有什么好怕的..当然如果他在场的话,我就假装害怕一下好啦",,,,0.0,cluster_0,cluster
831ef217,快手,2021/09/22,"所以,她就是你一直藏在心里的那个人吗?",,,,0.0,cluster_0,cluster
52c34610,快手,2021/09/22,"(预告)若我会是你往后的执念,那便当作从未遇见吧",,,,0.0,cluster_0,cluster
42bfe6ae,快手,2021/09/20,"(三兔番外一)“香膏店的老板娘说,可以把香膏抹在想让心上人亲的位置",#唐宫盛宴真香,锦超,,0.0,cluster_0,cluster
485f269a,快手,2021/09/14,"我总会陪着你的,姐姐",,圣微,,0.0,cluster_0,cluster
85e28a37,快手,2021/09/13,你头发乱了哦,,,,0.0,cluster_0,cluster
edc0e9f8,快手,2021/09/11,"其实,我想说的是,我心悦你",#HH羽粉饼,,,0.0,cluster_0,cluster
76a0f1e4,快手,2021/09/09,虽迟但到,,"圣微,千里明",,0.0,cluster_0,cluster
3b921e40,快手,2021/09/03,夜夜笙歌,,知竹zZ,,0.0,cluster_0,cluster
c83eddb9,快手,2021/09/01,不符合社区规范是什么鬼?你倒是告诉我哪不符合了?,,,,0.0,cluster_0,cluster
ec8801af,快手,2021/08/30,"你猜猜,你抓到的,是仙子还是妖怪?",,,,0.0,cluster_0,cluster
d9c66205,快手,2021/08/26,是梦吗...是梦啊...真希望可以不用醒来,,知竹zZ,,0.0,cluster_0,cluster
470d6c68,快手,2021/08/24,"这世间我来过一趟,还能遇见你...已是最幸运不过的事情",#花皙蔻,,,0.0,cluster_0,cluster
a41b0e0c,快手,2021/08/20,长久的爱意从来不是单向奔赴,#唐宫盛宴真香,,,0.0,cluster_0,cluster
7faca19a,快手,2021/08/17,GB是什么令人上头的文学!,,,,0.0,cluster_0,cluster
1eefee53,快手,2021/08/14,"我永远记得,你...来过",#一生锁爱永结同心,花西子Florasis,,0.0,cluster_0,cluster
6b9ed440,快手,2021/08/14,"(预告)你是什么东西,也配来问我",,,,0.0,cluster_0,cluster
040d0dcd,快手,2021/08/10,"(预告)阿爹说的没错,女追男隔层纱,没什么好矜持的~、千里明",,"锦超,谢泽,千里明",,0.0,cluster_0,cluster
3280461e,快手,2021/08/06,(预告)“世间之事岂能两全”“为何不能,,,,0.0,cluster_0,cluster
296087a6,快手,2021/08/04,你真的不哄哄我吗?好吧..那我自己哄自己吧!,,锦超,,4.0,cluster_4,cluster
4c9d8b10,快手,2021/08/04,"一生所愿不多,唯你而已。 # #",#古风美人#凉茶礼盒#芙清,,,0.0,cluster_0,cluster
2df37088,快手,2021/07/26,这个故事到底该有个怎么样的结局呢?,,,,0.0,cluster_0,cluster
c57cc8de,快手,2021/07/24,这次是一个痞帅的小将军,#国风大赏#华裳九州,,,0.0,cluster_0,cluster
e7002093,快手,2021/07/23,小兔子要去哪玩儿?带着我呗,,,,0.0,cluster_0,cluster
9c6ae1d8,快手,2021/07/22,蒙眼睛让本就近视眼的我雪上加霜!,,七月夕,,0.0,cluster_0,cluster
11822819,快手,2021/07/18,"殊途,殊途...殊途还能同归吗?,",,"朵声,出境",,0.0,cluster_0,cluster
b25c8c92,快手,2021/07/15,是夏天的荷塘呀,,,,0.0,cluster_0,cluster
88e4eef9,快手,2021/07/11,welcome to the show,,,,0.0,cluster_0,cluster
ea290709,快手,2021/07/06,"他们都以为他们都以为你被我杀死了,我是不是很聪明啊?...其实啊,我从来没有怪过你..",,,,0.0,cluster_0,cluster
8a2801f4,快手,2021/07/04,"神救不了你,唯有自救",,,,0.0,cluster_0,cluster
8c3e64ee,快手,2021/07/02,原来竟只是我一人的执念罢了..,,,,0.0,cluster_0,cluster
946111e3,快手,2021/06/29,情之一字啊...,,,,0.0,cluster_0,cluster
fe599c43,快手,2021/06/25,一个人睡怕不怕?,,,,0.0,cluster_0,cluster
2b96736c,快手,2021/06/20,"你保护了我这么久,也让我保护你一次吧",,,,0.0,cluster_0,cluster
09132de6,快手,2021/06/20,我是什么绝世渣男,,,,0.0,cluster_0,cluster
1f86ba1f,快手,2021/06/17,这么直白地盯着妾身,,,,0.0,cluster_0,cluster
62aa9e67,快手,2021/06/15,"是世俗的错,不是我们",,,,0.0,cluster_0,cluster
be377adc,快手,2021/06/13,刷到这个bgm!不剪不是人!,,,,0.0,cluster_0,cluster
b93798f3,快手,2021/06/13,"人生苦短,何妨一试。,",,"妞·妞·妞,君辞",,0.0,cluster_0,cluster
5d3e82f7,快手,2021/06/11,"当爱恨情仇,都化乌有",,,,0.0,cluster_0,cluster
fcdaea8b,快手,2021/06/09,"没有纯,只有御",,,,0.0,cluster_0,cluster
88bfff97,快手,2021/06/08,"这次,谁是猎物?",,"知竹zZ,圣微",,0.0,cluster_0,cluster
9050e60f,快手,2021/06/05,"下辈子吧,下辈子...",,,,0.0,cluster_0,cluster
8f1f4a6b,快手,2021/06/02,"我输就输在,我才是动了心的那个",,,,0.0,cluster_0,cluster
57fea7c1,快手,2021/05/31,"一介凡人,竟敢弑神",,,,0.0,cluster_0,cluster
8c7f0d65,快手,2021/05/30,给大家介绍一下我的新老婆哈哈哈@妞·妞·妞,,,,0.0,cluster_0,cluster
eab466e9,快手,2021/05/28,"哟,王爷府上何时来了只西域小野猫?”“她呀可不是什么猫,知道什么是美人蛇蝎吗?",,,,0.0,cluster_0,cluster
8f8af781,快手,2021/05/26,"多少人是这个回眸入的坑哈哈(存个档,不然你们老觉得我凶)",,,,0.0,cluster_0,cluster
d52c1761,快手,2021/05/24,"阿爹说过,我们杨家的儿女,只能倒在战场上",,,,0.0,cluster_0,cluster
e9aa8b4e,快手,2021/05/17,"你独自过了这千百万年,一定觉得很寂寞吧,不如...以后就让我陪着你吧!”“好",,,,0.0,cluster_0,cluster
1dbd0476,快手,2021/05/16,"既然迷路了,那以后便陪着我吧",,流云蕊,,0.0,cluster_0,cluster
9dbfac40,快手,2021/05/13,你赢了,,,,0.0,cluster_0,cluster
17647f3a,快手,2021/05/10,勿念,,,,0.0,cluster_0,cluster
e9460dc0,快手,2021/05/07,"那些想说不敢说的话,也许再也说不出口了",,,,0.0,cluster_0,cluster
8dc5c702,快手,2021/05/06,江南又烟雨,,,,0.0,cluster_0,cluster
51e26cb0,快手,2021/05/05,"花舫的人总是去了又来,而我念的人却不知道我在念着他...我就这么等啊等,都不知道等了多久",,流云蕊,,0.0,cluster_0,cluster
eb864373,快手,2021/05/02,心有一人,#华裳九州,,,0.0,cluster_0,cluster
359eb31c,快手,2021/05/02,仿佛第一次走路,,"赋流年,琉柳",,0.0,cluster_0,cluster
5eddbd39,快手,2021/04/30,"花开了,它们告诉我说,你回来了",,莫嘉嘉嘉,,0.0,cluster_0,cluster
fa1fb157,快手,2021/04/28,"他们为什么在流血..好多血..”“别看,别怕,我在",,,,0.0,cluster_0,cluster
85264758,快手,2021/04/25,"我想听听,你用什么界定善恶?",,知竹zZ,,0.0,cluster_0,cluster
804812fa,快手,2021/04/22,"我找不到你,所以就跑出来了",,千里明,,0.0,cluster_0,cluster
b49a7300,快手,2021/04/20,凶狠值max,,,,0.0,cluster_0,cluster
11dad6da,快手,2021/04/18,"真的值得吗?”“是啊,我也知道不值得,可还是飞蛾扑了火",,知竹zZ,,0.0,cluster_0,cluster
0aa7a720,快手,2021/04/13,我来混更,,,,0.0,cluster_0,cluster
576c885e,快手,2021/04/03,张嘴吃糖,,知竹zZ,,0.0,cluster_0,cluster
5336219b,快手,2021/03/31,"我没伤害你,可不代表我这条毒蛇,不会咬人呐",,,,0.0,cluster_0,cluster
8658656a,快手,2021/03/28,"肯定是因为得到过,而又失去了",,知竹zZ,,0.0,cluster_0,cluster
fd1c590c,快手,2021/03/25,"我不求你的原谅,但我只有你了,不能再失去了..",,,,0.0,cluster_0,cluster
9d46470f,快手,2021/03/23,"我总在想,如果她没有记起从前,我们是不是就能一直这么开心下去...",,,,0.0,cluster_0,cluster
ac09fbbd,快手,2021/03/17,我再也寻不到他了...,,流云蕊,,0.0,cluster_0,cluster
88f5a19e,快手,2021/03/15,很久没发自己拍的东西啦,,清熠,,4.0,cluster_4,cluster
9fef2557,快手,2021/03/02,"我会化作人间的风雨,陪在你身边",,,,0.0,cluster_0,cluster
e64a4800,快手,2021/02/23,发糖和打架就得是两个人~全组特效最多的人物应该就是我了吧,,知竹zZ,,0.0,cluster_0,cluster
4c349f5a,快手,2021/02/21,这首歌还蛮适合发糖的哈哈哈,,"知竹zZ,杨馥羽",,0.0,cluster_0,cluster
b2b62ee3,快手,2021/02/19,"怎么?已经回不去了,不是么?",,残月筝,,2.0,cluster_2,cluster
7887b134,快手,2021/02/15,看我干什么?看舞啊,,"知竹zZ,庄翰_Roya",,0.0,cluster_0,cluster
bdc0af07,快手,2021/02/14,"我这辈子最大的悲哀,就是爱上了你",,残月筝,,0.0,cluster_0,cluster
3da314ec,快手,2021/02/13,"我这一世,都是为你而来的啊...",,残月筝,,0.0,cluster_0,cluster
04a1f068,快手,2021/02/11,"我不喜欢你现在暴躁的样子,我们之间,还是和从前一样温声细语的,不好吗?",,残月筝,,0.0,cluster_0,cluster
acdcb33b,快手,2021/02/09,我才不要回头...,,,,0.0,cluster_0,cluster
f6a43269,快手,2021/02/08,"怎么,连你也想殺了我吗?",,,,2.0,cluster_2,cluster
df015e17,快手,2021/02/02,"我们做妖的向来说到做到,所以我答应陪着你,就会一直在你身边",,,,0.0,cluster_0,cluster
2e4845e7,快手,2021/01/30,"我肯定,在几百年前就说过...",,,,0.0,cluster_0,cluster
1d298c19,快手,2021/01/21,公子可愿为了我做一切事情?,,知竹zZ,,0.0,cluster_0,cluster
50625963,快手,2021/01/18,想不想姐姐对你更好啊,,,,0.0,cluster_0,cluster
68db514e,快手,2021/01/17,"诶,你的东西掉了...",#花西子,,,0.0,cluster_0,cluster
770658f8,快手,2021/01/14,我们是不是...在哪里见过?,#花西子,,,0.0,cluster_0,cluster
f8471c2c,快手,2020/12/31,预祝大家新年快乐呀,,,,0.0,cluster_0,cluster
59209849,快手,2020/12/30,"过去一场,皆是笑话",,想要铁刘海,,0.0,cluster_0,cluster
7ca4ce2a,快手,2020/12/28,"盛世点缀,乱世赎罪",,,,0.0,cluster_0,cluster
8175a187,快手,2020/12/26,如果是去见你、我一定用飞的!,,"走回去了v,欢欢",,0.0,cluster_0,cluster
25a09b6f,快手,2020/12/24,"我知道,这是梦",,君辞,,0.0,cluster_0,cluster
35370605,快手,2020/12/22,"我只怪自己太清醒,连梦里都知道你不会随我的心意...",,,,4.0,cluster_4,cluster
a6561bca,快手,2020/12/20,为什么我的cp不是在干架就是在干架的路上?,,"洋洋SP,君辞",,0.0,cluster_0,cluster
1e42a9d4,快手,2020/12/17,"这单生意,我接了",,君辞,,0.0,cluster_0,cluster
db97553f,快手,2020/12/12,"太久了,我都不记得自己是人是鬼..我只觉得这片竹林,许久没有人来过了",,,,4.0,cluster_4,cluster
30a44e6e,快手,2020/12/10,公子何不留下?,,,,0.0,cluster_0,cluster
7755f4db,快手,2020/12/08,"斥巨资配了走秀的剧情,确定不来看看?",,,,0.0,cluster_0,cluster
8e3a1a1d,快手,2020/12/07,"我的目标,是你哦",,,,0.0,cluster_0,cluster
3324ce7d,快手,2020/12/06,"没啥素材,就穿插着看吧~ 衣服是今时月家的",#中国华服日,,,0.0,cluster_0,cluster
58a51caf,快手,2020/12/02,话那么多干嘛?打就完事了呗!,,,,0.0,cluster_0,cluster
90bb0a4f,快手,2020/12/01,"其实现实中的我就真的很普通,没化妆我就是路人,化了好看的妆谁都好看呀~所以大家对自己自信一点,自信最美!",,,,4.0,cluster_4,cluster
4e8f577b,快手,2020/11/29,"我做的这一切我都是为了你啊,你的心难道是铁做的吗?! 音源:阿七",,筝,,0.0,cluster_0,cluster
1d7d966a,快手,2020/11/25,啊啊啊啊我自己磕到了!,,"筝,七七",,4.0,cluster_4,cluster
80f50f74,快手,2020/11/22,"虽然我凶巴巴的,但是我还是想尝试可爱的风格啥的哈哈哈",,,,0.0,cluster_0,cluster
b9894354,快手,2020/11/21,"《音容》-完整版bz可看 ‍♀️:圻夏夏、七七、池夏专业演员们 bgm:下尘-骨鹤/银灯少年/龙宝宝/莫卿(网☁️可听,mv量身写的,太绝了!)",,残月筝,,0.0,cluster_0,cluster
61e9477a,快手,2020/11/17,到我这里来,,,,0.0,cluster_0,cluster
28b3d1b1,快手,2020/11/15,"我们这类人,属于背阳面",,,,0.0,cluster_0,cluster
e4583deb,快手,2020/11/11,素颜你们还会爱我吗哈哈哈哈,,,,0.0,cluster_0,cluster
7f8c2e87,快手,2020/11/08,"我是张生,张生亦是我",,,,0.0,cluster_0,cluster
4d4126b3,快手,2020/11/06,不是说爱我吗?为何现在都不敢看着我?,,筝,,0.0,cluster_0,cluster
f2ab4343,快手,2020/11/05,"天地不仁,以万物为刍狗",,,,0.0,cluster_0,cluster
75c8ca6e,快手,2020/11/04,"怎么,你现在不喜欢我了? ‍♀️:圻夏夏、七七 -蝉时雨",,"残月筝,池夏",,2.0,cluster_2,cluster
17e4adb2,快手,2020/11/02,我想拍这段真的很久了!感谢大王圆梦!,#古风,知竹zZ,,5.0,cluster_5,cluster
13e7f750,快手,2020/10/30,"人总是会变的,你所坚信的那个人,也许有一天会是摧毁你信仰的人...;筝",,快手粉条,,0.0,cluster_0,cluster
2878870d,快手,2020/10/29,吃糖葫芦吗?,,,,0.0,cluster_0,cluster
a6f07a1a,快手,2020/10/25,"胡玉楼,跟着去吗?",,,,0.0,cluster_0,cluster
8389fa67,快手,2020/10/25,游园惊梦家双十一新品木兰 大家冲呀!,,,,0.0,cluster_0,cluster
ec89ef66,快手,2020/10/20,座机画质!,,,,0.0,cluster_0,cluster
3f398ca7,快手,2020/10/18,爱恨此消彼长,,"快手粉条,走回去了v",,0.0,cluster_0,cluster
ef77b283,快手,2020/10/16,又是怀疑性别的一天?,,,,0.0,cluster_0,cluster
201d1e6c,快手,2020/10/14,"姜子牙,好久不见",,,,0.0,cluster_0,cluster
e1036d5e,快手,2020/10/10,来pick一下吧!,,,,0.0,cluster_0,cluster
2df0fb87,快手,2020/10/09,"赢了就是苏妲己,输了就是杨玉环。我赌我赢了",,快手粉条,,0.0,cluster_0,cluster
1d65dbec,快手,2020/10/07,"我要为自己解释一下!其实我是最近饿瘦了,所以连带着脸一起瘦了一圈!",,,,4.0,cluster_4,cluster
615df9a8,快手,2020/10/06,没错都是我哈哈哈,,,,0.0,cluster_0,cluster
00ded1cd,快手,2020/10/05,帅气如我!,#华裳九州,,,0.0,cluster_0,cluster
f0981d2c,快手,2020/09/21,"哟、吹笛子呢,教教我呗",,,,0.0,cluster_0,cluster
843f8ba6,快手,2020/09/18,当一个女人开始专心搞事业的时候...,,,,0.0,cluster_0,cluster
1eb2f81d,快手,2020/09/18,学会了吗?,,,,0.0,cluster_0,cluster
d3720a8a,快手,2020/09/10,"一别多年,不知眼前人是否还是当年人",,快手粉条,,0.0,cluster_0,cluster
af2431ea,快手,2020/09/09,小仙男的日常,,戴戴,,0.0,cluster_0,cluster
8c133a99,快手,2020/09/05,"替我告诉她,我想她了",,快手粉条,,0.0,cluster_0,cluster
21593bba,快手,2020/09/03,"多年之后,坊间红极一时的姑娘弹着琵琶,眼波流转间浅笑盈盈,酒后她玩笑般说起,当年真心托付一人,等来的,却是他和别人的一纸婚书",,知竹zZ,,0.0,cluster_0,cluster
acc1afae,快手,2020/09/02,也只能到此为止了,,快手粉条,,0.0,cluster_0,cluster
b6f91291,快手,2020/09/01,"我答应过大家,会经常带你们看帅哥!我来兑现承诺了!",,快手粉条,,0.0,cluster_0,cluster
b2ea1bc8,快手,2020/08/31,"不是说戒了吗?”“夫 夫人...别生气我错了!你看这是我选了好久的东西,为夫给你戴上!”“那好吧,就再原谅你一次",,快手粉条,,0.0,cluster_0,cluster
9fb14403,快手,2020/08/29,这就是男人吗?你不喜欢他为什么还跟他玩?”“妖是不懂这些的,,"残月筝,清熠",,0.0,cluster_0,cluster
88005fe1,快手,2020/08/28,"那个等了你许久的人,还记得她吗?",,快手粉条,,0.0,cluster_0,cluster
44c2514c,快手,2020/08/27,喜欢这段预告! 大家快去蹲池夏招珏的第二季呀!,,"快手粉条,残月筝,池江",,0.0,cluster_0,cluster
37cf7886,快手,2020/08/26,"爱有万分之一甜,宁愿我就葬在这一点",,,,0.0,cluster_0,cluster
c4ff3a0c,快手,2020/08/23,|盗(二)| 【答应我一定要看完!】,#打戏#古风,"快手粉条,走回去了v,庄翰_Roya",,5.0,cluster_5,cluster
0a20295f,快手,2020/08/22,"暖矣,孤矣",,,,0.0,cluster_0,cluster
65f1bc44,快手,2020/08/19,"妖的几世很长,可以旁观凡人的几世,却看不透一瞬的人心。就算遇到真心之人,也无法陪她到老",#汉服,"快手粉条,残月筝,清熠,池夏",,0.0,cluster_0,cluster
d645a6bf,快手,2020/08/12,"如果可以,我也想与公子白头,可惜我没得选择",#作品推广,,,0.0,cluster_0,cluster
1029591e,快手,2020/08/07,来打架!,,,,0.0,cluster_0,cluster
73164aa0,快手,2020/08/03,"所以爱会消失,对不对",,,,0.0,cluster_0,cluster
3afdd0a2,快手,2020/08/01,一起逛街吗?,#作品推广,,,0.0,cluster_0,cluster
5db2c9cf,快手,2020/07/26,我想不到如果有天你不在了会怎样,,"清熠,芊芊",,0.0,cluster_0,cluster
606e1c1b,快手,2020/07/21,我真是干啥啥不行跑路第一名!,,"快手粉条,走回去了v,杨伊墨,玉侠,温蛋羹",,0.0,cluster_0,cluster
148fe544,快手,2020/07/13,"|辞.九门回忆| 张启山你看 将死之人,满眼背影 未亡之人,何等光景",#戏子,"快手粉条,刘向东,阿蕊,宜修,白酱",,0.0,cluster_0,cluster
3863b353,快手,2020/07/11,"【为你而来】 杏花结子春深后,谁解多情又独来",,"青尢,天天",,0.0,cluster_0,cluster
192d0580,快手,2020/07/10,青白,,,,0.0,cluster_0,cluster
9b0fe7af,快手,2020/07/07,长得好看的人根本没有什么死亡角度一说,,,,0.0,cluster_0,cluster
50da5a86,快手,2020/07/05,为你而来预告,,小居佩琪,,0.0,cluster_0,cluster
1470e570,快手,2020/07/04,预告!,,,,0.0,cluster_0,cluster
4bf90dc0,快手,2020/06/24,预告预告,,,,0.0,cluster_0,cluster
7ef7b925,快手,2020/06/23,"喜大普奔,我终于营业了",,,,0.0,cluster_0,cluster
ebe212eb,快手,2020/06/21,"难得拍一次小哥哥,你们心动了嘛!",,戴戴,,0.0,cluster_0,cluster
e91cded6,快手,2020/06/14,为我的江湖梦迈出第二步!,,"走回去了v,辫子,玉侠,温蛋羹",,0.0,cluster_0,cluster
b596f9c0,快手,2020/06/05,这首歌好上头!,,,,0.0,cluster_0,cluster
b928f8d6,快手,2020/06/05,"我慕容云海对着天空发誓,这辈子只爱楚雨荨一个人!”是青春年少的回忆没错了!",,,,0.0,cluster_0,cluster
d8d7d083,快手,2020/05/27,不能再错过明年的花季了!,,,,0.0,cluster_0,cluster
1d4ac624,快手,2020/05/25,这套宋制香了,,,,0.0,cluster_0,cluster
c59cf041,快手,2020/05/22,想不想看自己扮作女儿家的样子有多美?”“那就有劳公主了,,"残月筝,春山,念念,池夏",,4.0,cluster_4,cluster
a241d6f7,快手,2020/05/04,"导演问,听说过禁忌女孩吗? 导/ -兰若,池夏-竹月",,"残月筝,夏梵,池夏",,0.0,cluster_0,cluster
03bb9344,快手,2020/04/29,"跟我在一起吧,我有良心",,,,0.0,cluster_0,cluster
8edcec1c,快手,2020/04/26,"怕你家官人看见?别怕,他在我府上喝茶呢,我娘子会好好招待他的。 (欢迎收看拍电影兼职卖汉服的池夏频道节目《绿中绿》) 导演/摄影/后期:残月筝 小娘子:木枭 公子:圻夏夏 公子的娘子:夏梵 只有半个脸的:池江",,字典下来的活智障,,0.0,cluster_0,cluster
2b74a6d3,快手,2020/04/19,哈哈哈哈是什么让姐妹反目成仇?!是男人吗?不!是爱情!,,,,0.0,cluster_0,cluster
0aee9764,快手,2020/04/17,你一个凡夫俗子算什么东西!(还挺搭的..?),,,,0.0,cluster_0,cluster
61bde6c5,快手,2020/04/15,double kill!,,,,0.0,cluster_0,cluster
f5a85184,快手,2020/04/13,"我有千千万,黑化最好看?",,,,0.0,cluster_0,cluster
979aec8b,快手,2020/04/11,"故人发已衰白,红尘覆盖,不奢求重来",,,,0.0,cluster_0,cluster
4107c7ce,快手,2020/04/09,"想起一些过往,恍若隔世",,,,0.0,cluster_0,cluster
8593911f,快手,2020/04/07,春,,,,0.0,cluster_0,cluster
1b0bc686,快手,2020/04/05,"玲珑骰子安红豆,入骨相思知不知",,,,0.0,cluster_0,cluster
f4dd5d11,快手,2020/04/03,"修改一次次离分,我承认,曾幻想过永恒",,,,0.0,cluster_0,cluster
60e748fe,快手,2020/04/03,"第二段预告,快乐是你们的我什么都没有",,,,0.0,cluster_0,cluster
e3ee19e3,快手,2020/03/30,开年第一打~ 谢谢大佬们带我飞,,,,0.0,cluster_0,cluster
a689e367,快手,2020/03/29,夜樱。我感觉我好像会跳舞了?,,,,0.0,cluster_0,cluster
b228513f,快手,2020/03/26,我...黑化了..,,,,0.0,cluster_0,cluster
c7b51a33,快手,2020/03/24,hhh 不要被甜甜的预告所迷惑!,,,,0.0,cluster_0,cluster
83c85a2b,快手,2020/03/22,樱花又盛开了啊,,,,0.0,cluster_0,cluster
9d1e38e2,快手,2020/03/20,是我的人呀,,,,0.0,cluster_0,cluster
57cac115,快手,2020/03/17,"也许此去经年,忘了也罢... (预告一下,这周有大制作拍摄呀,大家期待一下 )",,,,0.0,cluster_0,cluster
296cf0c9,快手,2020/03/15,想当年也是实战型选手的我哈哈,,,,0.0,cluster_0,cluster
db7b4e80,快手,2020/03/13,"我可以为你穿上红装步于闲庭,着素衣归于山林,亦可以披上铠甲与你齐手并肩征战沙场",#作品推广,,,0.0,cluster_0,cluster
25e21373,快手,2020/03/10,"笔给你们,写一个黑化的故事!",,,,0.0,cluster_0,cluster
37ea7547,快手,2020/03/08,"那些关于你和我的故事,一开始便结束了",#作品推广,,,0.0,cluster_0,cluster
971c4986,快手,2020/03/02,"为和你屋檐下,听一场雨",,莫嘉嘉嘉,,0.0,cluster_0,cluster
1e01a550,快手,2020/02/25,"小爷我可看上你了。 (过几天就能出去拍照了,宝贝们等我呀)",#作品推广,,,0.0,cluster_0,cluster
61988a11,快手,2020/02/24,"终于可以让汉服见见光了,不想化妆就不露脸啦~有没有想pick的汉服呀,有的话,我就......仔细拍给你们看哈哈哈哈",#汉服安利,,,5.0,cluster_5,cluster
ecde1e69,快手,2020/02/21,"听说那王二公子婚前暴毙,真是可怜了那未过门的姑娘,好似还得了疯病,穿着红衣又哭又笑,整日徘徊在迎娶的路上...",#作品推广,,,0.0,cluster_0,cluster
97f87355,快手,2020/01/21,新年快乐呀~ 要年后才能更新啦。大家不要抛弃我啊!,#作品推广#汉服,,,0.0,cluster_0,cluster
6c797d03,快手,2020/01/16,"数数我自己也拍了好多汉服了呀,还有好多照片一首歌都不够放...明年希望拍别人的时候别人也常来拍拍我哈哈",,,,0.0,cluster_0,cluster
bfcaf9d7,快手,2020/01/13,"自君一别,度日如年。 (以后要练习一下写真类的视频啦哈哈!剧情类也经常会出哒~)",,cici,,0.0,cluster_0,cluster
c2916087,快手,2020/01/11,"感谢大家去年的陪伴。 今年我立个flag,一定要多出视频多出照片,让你们多看看我也多看看好看的小哥哥小姐姐们哈哈",,,,0.0,cluster_0,cluster
3e9ef431,快手,2020/01/06,"愿岁月无蹉跎,愿天意随人愿。 (大家可以写故事了)",,,,0.0,cluster_0,cluster
a5189638,快手,2020/01/05,"来吧,需要你们的眼泪! 明天大结局",,,,0.0,cluster_0,cluster
487d6c2f,快手,2020/01/04,早上好呀~ 下一个视频准备虐一下哈哈哈哈,,,,0.0,cluster_0,cluster
d4b110f0,快手,2020/01/03,"来来来,笔给你们。 还有几个part。 到时候记得一起写哈哈哈",,,,0.0,cluster_0,cluster
a2a895e9,快手,2020/01/02,"哈哈哈许久不营业的我,这次终于又有个长故事啦",,,,0.0,cluster_0,cluster
4bf88eaf,快手,2020/01/01,2020快乐~ 预告奉上,,,,0.0,cluster_0,cluster
a105372a,快手,2019/11/12,来自小希的预告!一下午两套衣服我也是很佩服我自己!,,,,4.0,cluster_4,cluster
53aa7447,快手,2019/11/12,突然发现之前发的闪屏太严重了..原谅我重新发一遍...,,,,0.0,cluster_0,cluster
2a4aeafc,快手,2019/11/11,坐等照片嘻嘻。感谢清影的视频,#作品推广,快手粉条,,0.0,cluster_0,cluster
e8ced1b0,快手,2019/10/19,"(续集来啦,全称打戏!)可惜你从来不配当我的对手",,,,0.0,cluster_0,cluster
b4d062c0,快手,2019/10/18,"没想到你我再见确实今日这般, 师姐,这次我未必会输给你",,,,0.0,cluster_0,cluster
4ed51362,快手,2019/10/02,"【一章】 除你之外,不过寻常",,,,0.0,cluster_0,cluster
f0c090d3,快手,2019/09/29,"【三章】原来你我也有分离的这日,剩我一人独守回忆",,,,0.0,cluster_0,cluster
12a88afb,快手,2019/09/25,【二章】与你看遍世间繁华,,,,0.0,cluster_0,cluster
df67f084,快手,2019/09/23,如清风明月,,,,0.0,cluster_0,cluster
8bdfeed7,快手,2019/09/19,"我恨你,恨之入骨。 且爱你,如痴如醉",,,,0.0,cluster_0,cluster
71450eb2,快手,2019/09/11,"长相思兮长相忆,短相思兮无穷极,早知如此绊人心,何如当初莫相识。(节奏很慢哦)",,,,0.0,cluster_0,cluster
83d5c3fb,快手,2019/09/10,"秋色系视频,明天发! 先放个调色预告",,,,0.0,cluster_0,cluster
e4a9c129,快手,2019/08/23,君心似我,,,,0.0,cluster_0,cluster
8eccb9c0,快手,2019/08/23,"世间种种,情有独钟",,,,0.0,cluster_0,cluster
da7e0533,快手,2019/08/17,"问君何时还,对窗倚栏杆",,,,0.0,cluster_0,cluster
ccce6d44,快手,2019/08/16,"尘世离人,轮回复入",,,,0.0,cluster_0,cluster
7cc7f2b2,快手,2019/08/14,"伞下走浮生,剑出莫扬眉",,,,0.0,cluster_0,cluster
f6e25010,快手,2019/08/01,"妄念(下) 红尘浮世皆可渡,唯你是妄念...",,,,0.0,cluster_0,cluster
79966013,快手,2019/08/01,"妄念(中) 愿做飞蛾,奋不顾身",,,,0.0,cluster_0,cluster
1010714b,快手,2019/07/31,"妄念(上) 菩提尽头相思树,问前尘是缘是劫,谁不负",,,,0.0,cluster_0,cluster
5435e0ef,抖音,2021/03/02,"我会化作人间的风雨,陪在你身边",,,,0.0,cluster_0,cluster
651a3867,抖音,2020/12/02,"哪那么多话?打就完事了!(今年部分的打戏混剪,大家顺便锻炼一下脖子哈哈)",#字正腔圆,,,0.0,cluster_0,cluster
458dedb3,抖音,2020/09/03,"坊间红极一时的姑娘弹着琵琶,酒后玩笑般说起,当年真心托付一人,等来的,却是他和别人的一纸婚书",,知竹zZ,,0.0,cluster_0,cluster
fee27c64,抖音,2025/04/10,"曾经我也以为,遇见你是我此生最幸运的事",#古风#剧情#剧情演绎#梦幻手游盘丝洞,,,2.0,cluster_2,cluster
6284f6af,抖音,2024/10/29,"我不是小丑女,我是哈莉奎茵。”给我帅飞夏总",#二次元#ai奇特妆造的反差感谁懂啊#二次元衍生#即梦ai#cosplay#即梦ai奇特妆造,,,5.0,cluster_5,cluster
f5044eeb,抖音,2024/02/21,"甜言蜜语是表达爱意的有效捷径,实际行动是展示内心的正确方法!",#眼部护肤#护肤#时尚#兰蔻小黑瓶发光眼霜,,合集·黄雀在后,,合集·黄雀在后,rule
59138feb,抖音,2024/02/19,"梦什么没什么,怕什么来什么!老天爷你干嘛要为难我这棵手无缚鸡之力的小树啊!",#眼部护肤#护肤#时尚#兰蔻小黑瓶发光眼霜,,合集·黄雀在后,,合集·黄雀在后,rule
1e3a8646,抖音,2023/11/19,"紫金现世,大 同 将至—我愿化作那道光—!”是我爱的佛爷,是我心疼的小七",#二次元#抖音青年艺术家计划#艺术在抖音#氛围感#二次元衍生#谷围南亭#仿妆#cosplay,,,5.0,cluster_5,cluster
f1ccd21d,抖音,2023/11/05,"一场为月经污名化的平反。 没有不洁和污秽,愿大家坦然对待,勇破偏见",#日常vlog#自由点益生菌卫生巾#随拍#生活记录,夏弃疾(下乡版),合集·双夏脑洞大开系列,,合集·双夏脑洞大开系列,rule
f5acf59a,抖音,2023/10/25,"恋爱嘛,还是要透过现象看本质",#兰蔻水粉底#电视剧剪辑#影视#影视剪辑,,,4.0,cluster_4,cluster
46002ded,抖音,2023/10/02,"设定:污染后的末日来临,某反人类叛逃组织私自进行活体寄生实验。 实验室中,存活下来的最后一只被群体寄生的试验体,发生了变异...",#二次元衍生#二次元#汉服,夏弃疾(下乡版),合集·双夏脑洞大开系列,,合集·双夏脑洞大开系列,rule
b8dc1ac4,抖音,2023/09/27,"既然你于我有救命之恩,那不如你以身相许",#致闪闪发光的夜#兰蔻小黑瓶发光眼霜#电视剧剪辑#影视#影视剪辑,,合集·黄雀在后,,合集·黄雀在后,rule
22327b0b,抖音,2023/09/22,"救救我,不要丢下我",#摄影#核污染水排海计划#随拍#水下摄影,夏弃疾(下乡版),合集·双夏脑洞大开系列,,合集·双夏脑洞大开系列,rule
138a9ba9,抖音,2023/09/19,"腐烂的,发霉的,无人可怜的。”手机花絮,拍完晚上就吃鱼了hh",#摄影#抖音青年艺术家计划#艺术在抖音#怪诞美学#随拍#核污水#摄影写真#环境保护,,合集·在末日之前,,合集·在末日之前,rule
910a6436,抖音,2023/08/06,"说起来,我们虽然没有血缘关系,但都流着黑色的血呢~ (杀人魔姐弟的恋爱日常)",#电视剧剪辑#影视#影视剪辑#玖柯9k#伪骨科,,,4.0,cluster_4,cluster
4e66cb4c,抖音,2023/07/14,"这便是,最后一课",#二次元#二次元衍生#崩坏星穹铁道#cosplay,锦超,,5.0,cluster_5,cluster
59502bfe,抖音,2023/07/12,"海底星空跟我一起去看啊,笨蛋......",#女性力量#电视剧剪辑#影视#影视剪辑#互相救赎#消失的她,"思思Sr,圣微",,4.0,cluster_4,cluster
71ba1ef1,抖音,2023/06/28,"我曾以为的是青梅竹马、两情相悦的情意,可回过神来,只剩自己被困在名为他爱我的牢笼里。 他遵守了约定。 可是,他不爱我啊",#摄影#朝鲜族服装#随拍#摄影写真,锦超,,4.0,cluster_4,cluster
db63289b,抖音,2023/06/21,"我们就停在此刻吧,万般圆满,已是最好的结尾",#二次元#汉服#朝鲜族#二次元衍生,锦超,,5.0,cluster_5,cluster
c31a596f,抖音,2023/06/08,"恣意踏浪,从早到晚自信控场!,我在@雅诗兰黛 抖音直播局等你!",#护肤其他#护肤#时尚#美力不设限,,,0.0,cluster_0,cluster
a69a0852,抖音,2023/06/02,"区区小妖!本大师出马,还能逮不到你了?!",#家具家电#德佑湿厕纸#猎奇好物#德佑净化三步曲#居家,,,0.0,cluster_0,cluster
d0c4989f,抖音,2023/05/31,啊!真是诡计多端的...,#多效抗纹大神#面部护肤#百雀羚淡纹帧颜霜#护肤#时尚#年轻别纹粉就丸了,锦超,合集·我的小说男友,,合集·我的小说男友,rule
017ced02,抖音,2023/05/16,狐狸和猫的争宠日常。看来是狐狸更甚一筹~!,#二次元衍生#二次元#汉服,锦超,合集·白里安姝,,合集·白里安姝,rule
1278c76c,抖音,2023/04/21,"人菜瘾大嘛... (天呐怎么办啊,好像每天都会多爱白里一点点诶!)",#二次元衍生#二次元#汉服,锦超,,5.0,cluster_5,cluster
ebef2abd,抖音,2023/04/08,"原来小时候救了我的那个人,是你",#剧情演绎#梦幻西游电脑版#梦幻西游#古风#剧情,锦超,,2.0,cluster_2,cluster
2f4ccabb,抖音,2023/04/01,从一开始我想偷的...就只有你的心啊,#古风#剧情#剧情演绎,锦超,,2.0,cluster_2,cluster
045f7402,抖音,2023/03/23,"我说怎么总遇不到桃花呢!原来我的意中人早就出现了~虽然他,偶尔是只猫...",#梦幻西游手游周年庆#剧情演绎#其他剧情#剧情#梦幻西游手游,"梦幻西游手游,锦超",,2.0,cluster_2,cluster
68144b0e,抖音,2023/03/06,"你这么狠毒是跟谁学的? 哦,原来是跟我学的",#电视剧剪辑#影视#影视剪辑#短剧东栏雪,锦超,合集·东栏雪物料,,合集·东栏雪物料,rule
a848d764,抖音,2023/03/02,"我以为我会一个人,从深渊到地狱...可你却出现了",#电视剧剪辑#影视#影视剪辑#短剧东栏雪,锦超,合集·东栏雪物料,,合集·东栏雪物料,rule
44c5238f,抖音,2023/02/24,"新剧《东栏雪》今日开播啦~ 这次是心狠手辣双强组合,铁石心肠狠毒宫女 x 虽然很强但恋爱脑的皇子哈哈哈哈哈,尝试一下不同的GB人设。如果顾玄清是温顺的萨摩耶,摊开肚皮任公主揉捏,那褚宁远就是阴鸷的狼,他可以轻松咬破你的血管,但却甘愿俯首称臣,只为博取女主一丝丝的心软,就真的很爱吧!",#影视资讯#影视#短剧东栏雪#短剧东栏雪开播,锦超,,0.0,cluster_0,cluster
70e127c0,抖音,2023/02/22,你不用变成我喜欢的样子啊...因为你本身就已经是我喜欢的样子了,#电视剧剪辑#影视#影视剪辑,锦超,合集·白里安姝,,合集·白里安姝,rule
4652a15a,抖音,2023/01/29,"不把水搅浑,还怎么看好戏呢?",#电视剧剪辑#影视#影视剪辑,,,4.0,cluster_4,cluster
1dfe9df2,抖音,2023/01/20,"愿得长如此,年年物候新",#以不变应万变#剧情演绎#2023新年快乐#兰蔻二代小黑瓶#古风#剧情,,,2.0,cluster_2,cluster
cb623195,抖音,2022/12/21,"五皇子也不会想到,在他死后自己捧在手心宠爱的妹妹会不择手段成为他,外界传言五皇子久病过后性情大变,曾经的温润不在,如今只剩狠戾凶残。 谁也不知那仇恨钻心夜夜萦绕,她无法忘记",#电视剧剪辑#影视#影视剪辑,,,4.0,cluster_4,cluster
75bdbf9f,抖音,2022/12/08,"阿七,我带你去看十里樱花",#雅诗兰黛剧本杀#护肤#剧情演绎#雅诗兰黛樱花水#古风#剧情,锦超,,2.0,cluster_2,cluster
e053738e,抖音,2022/11/18,"我们相爱一生,一生还是太短",#二次元衍生#二次元#汉服,,,5.0,cluster_5,cluster
f4b61076,抖音,2022/11/02,我相信总有一天林然会亲口承认他喜欢我!,#kono#你的随享沙龙#电视剧剪辑#影视#影视剪辑,"KONO洗护精选,锦超",合集·我的小说男友,,合集·我的小说男友,rule
e574af32,抖音,2022/10/03,"同样的招数我都用几百年了,你怎么次次都上当啊?",#剧情#剧情演绎#居家,锦超,,2.0,cluster_2,cluster
e8cee464,抖音,2022/10/02,"状元郎觉得,三皇子真的越来越怪了...",#古风#剧情#剧情演绎#抖音电商超级品牌开业盛典,,,2.0,cluster_2,cluster
04a99396,抖音,2022/09/30,"骗你是我的情理之中,爱上你却在意料之外",#电视剧剪辑#影视#影视剪辑#给美丽多点实在#玩点实在的#TF20暮色,锦超,合集·系列,,合集·系列,rule
daf2d4c5,抖音,2022/09/23,"缘这种东西一旦结下了,可就再也解不开了",#dw粉底液#本色玩不脱#dw持妆粉底液#全脸#时尚#古风#彩妆,,,5.0,cluster_5,cluster
25fb35db,抖音,2022/09/09,"抓到你的心了哦,魔君大人",#电视剧剪辑#影视#影视剪辑#歌曲万物起舞,锦超,合集·妖与仙,,合集·妖与仙,rule
25611c6d,抖音,2022/08/30,"门口那个算命很准的老头说了,你和我是天造地设的一对...所以林然,你跑不掉的!",#剧情演绎#你的随享沙龙#kono#其他剧情#剧情,锦超,合集·我的小说男友,,合集·我的小说男友,rule
5c4798dc,抖音,2022/08/25,"【孪生劫|4/4】是哥哥?还是弟弟?欧莱雅不做选择,两个都要!",#其他剧情#剧情#剧情演绎#欧莱雅20霜#京东秒杀,,,2.0,cluster_2,cluster
5c80b9aa,抖音,2022/08/22,"【孪生劫|3/4】爱意就像微醺的晚风,星似心动,月色温柔",#电视剧剪辑#影视#影视剪辑#欧莱雅20霜#京东秒杀,,,4.0,cluster_4,cluster
8acfc161,抖音,2022/08/16,【孪生劫|2/4】阿父阿母......我一定杀了他为你们报仇,#古风#剧情#剧情演绎#欧莱雅20霜,,,2.0,cluster_2,cluster
772489c9,抖音,2022/08/09,"【孪生劫|1/4】原来他就是那个哑王爷,可惜了是个小傻子",#欧莱雅20霜#剧情#剧情演绎#居家,,,2.0,cluster_2,cluster
7cf933f9,抖音,2022/08/07,"事到如今,师父为何还不愿承认自己是爱我的?",#电视剧剪辑#影视#一眼千年潮越古今#影视剪辑#海俪恩人生第一副美瞳,,,4.0,cluster_4,cluster
2f692b43,抖音,2022/08/05,"要是你不能恢复成萧将军心中我曾经貌美如花的模样,咱俩就没完!",#剧情演绎#资生堂150周年#万美资生#古风#剧情#红腰子精华,,合集·巾帼让须眉,,合集·巾帼让须眉,rule
8524bfd7,抖音,2022/08/01,(预告)怎么会走到今天这个地步呢?,#古风#剧情#剧情演绎,,,2.0,cluster_2,cluster
d3f834f9,抖音,2022/07/28,热烈的爱总会有被回应的一天吧。 七夕,#剧情演绎#古风#剧情#tf白麝香枕边白昼礼盒#tf礼物,锦超,合集·系列,,合集·系列,rule
8a1f5157,抖音,2022/07/25,"【答案之书|红色芍药篇(三)】爱意只是深藏,而从未消散。过程可能曲折,但结局依旧美好",#剧情演绎#赠之芍药爱以余生#其他剧情#剧情#阿玛尼七夕,锦超,,2.0,cluster_2,cluster
12188fc3,抖音,2022/07/23,"【答案之书|红色芍药篇(二)】我们之间隔着一百步的距离,我胆小地不敢迈出一步,而你却毫不犹豫地向我走出了这一百步",#剧情演绎#赠之芍药爱以余生#古风#剧情#阿玛尼七夕,锦超,,2.0,cluster_2,cluster
b6584106,抖音,2022/07/22,我终于在打戏里站起来了哈哈哈!,#明星随拍资讯#明星八卦,庄翰_Roya,,0.0,cluster_0,cluster
a5ea3342,抖音,2022/07/20,"拥抱就不用了吧,他会不高兴的",#剧情演绎#赠之芍药爱以余生#其他剧情#剧情#阿玛尼七夕,锦超,,2.0,cluster_2,cluster
af916edb,抖音,2022/07/20,"【答案之书|红色芍药篇(一)】听说只要虔诚地发问,答案之书就会给予回应?",#剧情演绎#赠之芍药爱以余生#古风#剧情#阿玛尼七夕,锦超,,2.0,cluster_2,cluster
5ed5ef2b,抖音,2022/07/17,"(预告二)欢迎来到答案之书~你好啊,有缘人",#剧情演绎#赠之芍药爱以余生#居家#剧情#阿玛尼七夕,,,2.0,cluster_2,cluster
87708707,抖音,2022/07/15,"(预告一)好想她能多在乎我一点,就像我这么这么在乎她一样",#剧情演绎#居家#赠之芍药爱以余生#剧情#阿玛尼七夕,锦超,,2.0,cluster_2,cluster
df477285,抖音,2022/06/19,"小世子不喜欢我吗?没关系~本郡主就喜欢强扭的瓜,万一它甜呢?",#电视剧剪辑#影视#影视剪辑,锦超,,4.0,cluster_4,cluster
21013adb,抖音,2022/06/09,"别怕,以后有我在。”“我来赴约了,婉儿",#电视剧剪辑#影视#影视剪辑,爱野,,4.0,cluster_4,cluster
b626fee1,抖音,2022/05/21,"没想到她居然为了见仙君一面擅自出现...但你又何必吃自己的醋呢,魔君大人",#电视剧剪辑#影视#一眼千年潮越古今#影视剪辑#海俪恩人生第一副美瞳,,合集·妖与仙,,合集·妖与仙,rule
a1981d19,抖音,2022/05/18,"先生不必如此见外,如今我的就是你的,你的就是我的呀!",#京东超级品牌日#剧情演绎#海蓝之谜奇迹礼盒#古风#剧情,,合集·巾帼让须眉,,合集·巾帼让须眉,rule
6160510b,抖音,2022/05/16,"虽是自私了一些,但你身上有光,我想将它生生世世系在身旁",#520爱的表白#剧情演绎#520种新意告白#迪奥烈艳蓝金唇膏#迪奥玫瑰小粉钻#剧情#居家,锦超,合集·生世,,合集·生世,rule
3bf44439,抖音,2022/05/15,"当我和老古板教书先生灵魂互换后,要做的第一件事当然是...",#tf中国玫瑰#电影剪辑#抖音520宠爱季#影视#影视剪辑#tf礼物,,合集·巾帼让须眉,,合集·巾帼让须眉,rule
bb3d02be,抖音,2022/05/09,"我从来不信天命,我只相信命运要握在自己手里",#抖音超品日#电视剧剪辑#影视#影视剪辑#抛了才够a,,,4.0,cluster_4,cluster
b569ed60,抖音,2022/05/06,"小心思都是对你,所以被看破说破也没关系",#香水#时尚#ysl反转巴黎#彩妆#ysl520礼盒#爱不克制,锦超,合集·系列,,合集·系列,rule
446c3d9f,抖音,2022/05/03,"其实吧,恋爱这种事情,也是需要学习进步的~虽然口嫌但是体正啊!",#剧情演绎#其他剧情#ysl反转巴黎#剧情#ysl520礼盒#爱不克制,,合集·系列,,合集·系列,rule
39f75fb7,抖音,2022/05/01,"或许,这就是传说中的千里姻缘一线牵?",#剧情演绎#其他剧情#倩女幽魂手游#剧情#失联玩家开播,锦超,,2.0,cluster_2,cluster
1fc3d627,抖音,2022/04/30,"道歉只是表现形式,而爱你才是本质啊",#剧情演绎#居家#ysl反转巴黎#剧情#ysl520礼盒#爱不克制,锦超,合集·系列,,合集·系列,rule
5d50c616,抖音,2022/04/25,"(ysl预告番外5)夕阳里藏着爱意,如果可以的话,在春天见一面吧",#颜值#帅哥,锦超,合集·系列,,合集·系列,rule
5d8a4d80,抖音,2022/04/18,"(ysl番外4)解锁隐藏剧情。雪糕是什么味道我没尝出来,就觉得挺甜的",#古风#剧情#剧情演绎,锦超,合集·系列,,合集·系列,rule
2461eba0,抖音,2022/04/11,"(ysl番外3)你这是要打架的意思吗,老东西?",#二次元衍生#二次元#汉服,,合集·系列,,合集·系列,rule
16381c5c,抖音,2022/04/06,"(妖与仙番外1)“怎么小仙君不喜欢我穿这身衣服吗?”“小仙君可是想她了?”“小仙君不要不开心了,看看我吧,反正我与她一模一样啊”“小仙君快尝尝,看和她做的味道像不像",#歌曲三寸月光#电视剧剪辑#影视#影视剪辑,锦超,合集·妖与仙,,合集·妖与仙,rule
1e4503e0,抖音,2022/04/01,"(预告)我知道殿下从未动心,所以我也是",#电视剧剪辑#影视#影视剪辑,,,4.0,cluster_4,cluster
89277592,抖音,2022/03/29,"即使我变成了她的样子,但始终学不像她。 原来...我无法学会的,只是她不爱你的样子",#电视剧剪辑#影视#影视剪辑,锦超,合集·替身文学,,合集·替身文学,rule
7e024c51,抖音,2022/03/20,"原来他该爱上的人不是我...而是你。”“可我就是你...”原来只要放下执念,心就不会被困住了。 爱你的人,终会回到你身边",#电视剧剪辑#影视#影视剪辑#TF52裸玫瑰,锦超,,4.0,cluster_4,cluster
9d9c01fb,抖音,2022/03/18,"(预告二)即使知道了结果,还是会飞蛾扑火吗?",#电视剧剪辑#影视#影视剪辑,锦超,,4.0,cluster_4,cluster
95aaf826,抖音,2022/03/16,(预告一)那...我们约定好了!,#电视剧剪辑#影视#影视剪辑,锦超,,4.0,cluster_4,cluster
272e57bc,抖音,2022/03/09,我们专心点,#长公主在上全员戏精#电视剧剪辑#影视#影视剪辑#长公主在上,,合集·长公主在上物料,,合集·长公主在上物料,rule
7e27ea6e,抖音,2022/02/26,你动心了,#电视剧剪辑#影视#影视剪辑#长公主在上,锦超,合集·长公主在上物料,,合集·长公主在上物料,rule
c8ca2f0c,抖音,2022/02/21,"若不是私心,我怎会奉你为主? 如今既得不到,那便也无需伪装了",#电视剧剪辑#影视#影视剪辑,锦超,,4.0,cluster_4,cluster
63149823,抖音,2022/02/15,"为何这么久才唤本君出来,看上那小子了?”“怎么会,只是觉得有趣罢了",#电视剧剪辑#影视#影视剪辑#欧莱雅太空霜,锦超,合集·妖与仙,,合集·妖与仙,rule
3f77f94c,抖音,2022/02/12,"顾玄清一把推开了公主,并对皇上说,“这是另外的价钱",#电视剧剪辑#影视#影视剪辑#长公主在上,锦超,合集·长公主在上物料,,合集·长公主在上物料,rule
737f3af2,抖音,2022/02/11,"真的好喜欢小仙君啊”“那我来帮你,可好?",#电视剧剪辑#影视#影视剪辑#植村秀日本柚子洁颜油,锦超,合集·妖与仙,,合集·妖与仙,rule
238dcba5,抖音,2022/02/03,不过是戏如人生罢了,#剧情演绎#黑爪#古风#剧情#岁寒三友香水,,,2.0,cluster_2,cluster
48d5d099,抖音,2022/01/30,"喂喂喂,好歹我们也不是一般的关系,不用这么凶吧?”“怎么?那天没动手你后悔了?”“那天晚上啊,我可舍不得",#电视剧剪辑#影视#影视剪辑#玖柯9k,,,4.0,cluster_4,cluster
3319a939,抖音,2022/01/28,"我知道我的手段其实并不高明,我只是赌赢了。赌你,是真的爱我",#唇部彩妆#新年盒你心意#时尚#玖柯9k#彩妆,,,0.0,cluster_0,cluster
a1847a42,抖音,2022/01/26,"(预告)如果是去见你,我一定用跑的",#古风#剧情#剧情演绎,锦超,合集·妖与仙,,合集·妖与仙,rule
057785fb,抖音,2022/01/19,"所以,契约的存在是因为喜欢啊。印记的出现不是意外,而是因为,我心动了",#ysl1966#唇部彩妆#ysl情人节#情人节礼物#时尚#彩妆,锦超,合集·系列,,合集·系列,rule
d0391468,抖音,2022/01/07,"所以姻缘这种东西吧,上天既然安排了,就总会让我们相遇的",#抖音好物年货节#电视剧剪辑#影视#影视剪辑#阿道夫茶麸虎年万顺礼盒,锦超,,4.0,cluster_4,cluster
fd96a2bb,抖音,2022/01/01,"只要你有心,我就能得到",#二次元衍生#二次元#汉服,锦超,合集·替身文学,,合集·替身文学,rule
4859fa59,抖音,2021/12/29,"我以为你是真实的,可只是梦吗...",#电视剧剪辑#影视#影视剪辑,锦超,,4.0,cluster_4,cluster
66d1acb9,抖音,2021/12/22,"许是从一开始,在花树下遇见的那刻起,便都错了...",#二次元衍生#二次元#汉服,锦超,合集·替身文学,,合集·替身文学,rule
6f79afe8,抖音,2021/12/14,"(ysl番外2)总感觉他生气了,但他为什么生气啊!看美人跳舞不应该是件高兴的事吗?",#电视剧剪辑#影视#影视剪辑,锦超,合集·系列,,合集·系列,rule
5ed2c49d,抖音,2021/12/10,真是可笑啊...我竟然还以为能有一瞬间你爱的是我,#电视剧剪辑#影视#影视剪辑,锦超,合集·替身文学,,合集·替身文学,rule
8d226b73,抖音,2021/12/07,"现在想来,过去的偏爱皆是为她,于我而言却是一场笑话",#多人随拍#随拍#人物随拍,锦超,合集·替身文学,,合集·替身文学,rule
a7c0c5df,抖音,2021/12/04,许是太过不甘与思念吧 下一世的圆满化不开我这缕上一世的执念 我自私的想让你记得我,#电视剧剪辑#影视#影视剪辑#冰希黎大师精粹系列,,,4.0,cluster_4,cluster
41e5b04e,抖音,2021/12/03,"(ysl番外)做事情不可以三心二意哦~ (顺便在线等个配音,快艾特你们喜欢的声音博主来配!)",#多人随拍#随拍#人物随拍,锦超,合集·系列,,合集·系列,rule
c4fa518a,抖音,2021/12/01,"所以说啊,男朋友还得是自己养大的才比较乖",#唇部彩妆#时尚#彩妆#ysl302#ysl圣诞猎金派对,锦超,合集·系列,,合集·系列,rule
0af57836,抖音,2021/11/26,"你亲了我,我就是你的人了!所以,为我留下来吧~ BLACK PAW",#电视剧剪辑#影视#影视剪辑#纸短情长,黑爪,,4.0,cluster_4,cluster
d0cae39c,抖音,2021/11/25,"这把油纸伞你可要收好了~等我回来,可是要还的",#人文社科#三草两木非遗剧场#非遗#传统文化,三草两木,,0.0,cluster_0,cluster
2a21596e,抖音,2021/11/18,"你心里清楚,我们从来都是一个人。你爱她,却为何不能接受我?",#二次元#汉服#二次元衍生#一梦黄粱多少年#照从前,,,5.0,cluster_5,cluster
96b8d8df,抖音,2021/11/16,善恶并存,#二次元衍生#二次元#汉服,,,5.0,cluster_5,cluster
c57c5e0b,抖音,2021/11/12,"你真以为自己是他了?你永远变不成你哥哥!”我从未对他发过这么大的火...只是恼他终究不是他,可自己还是爱上了他以外的人",#电视剧剪辑#影视#影视剪辑#夫诸,,,4.0,cluster_4,cluster
ab90400f,抖音,2021/11/05,从来都只有自己才能拯救自己,#海芙谜白月光#电视剧剪辑#影视#影视剪辑,海芙谜,,4.0,cluster_4,cluster
d9d3d39c,抖音,2021/11/01,"原来所谓相爱,从一开始便是错觉。 你不是他,我也成不了她",#电视剧剪辑#影视#影视剪辑,锦超,合集·替身文学,,合集·替身文学,rule
f3780e07,抖音,2021/10/30,"终于,找到你了",#二次元衍生#二次元#汉服,锦超,合集·替身文学,,合集·替身文学,rule
92031115,抖音,2021/10/26,"只是因为,像她..而已吗",#明星随拍资讯#明星八卦,锦超,合集·替身文学,,合集·替身文学,rule
75f682ae,抖音,2021/10/23,"传说中,那傣族雨林里有宝藏...",#穿搭#配饰#时尚,,,0.0,cluster_0,cluster
39d3801d,抖音,2021/10/22,私奔吧!,#二次元衍生#二次元#汉服,锦超,,5.0,cluster_5,cluster
5fb37c9b,抖音,2021/10/21,"这场赌局的输赢我不感兴趣,只是想看看你们的结局而已",#二次元衍生#二次元#汉服,,,5.0,cluster_5,cluster
a90e4b8e,抖音,2021/10/18,"恨为剧毒,爱为解药",#电视剧剪辑#影视#影视剪辑,,,4.0,cluster_4,cluster
b71b10bd,抖音,2021/10/13,"若真有这么一天,战场之上,我不敌被俘,还希望你能亲手了结我的性命。 我不想...成为你的软肋",#鹿荼白#电视剧剪辑#影视#影视剪辑,,,4.0,cluster_4,cluster
4434f930,抖音,2021/10/09,"北方的雪好冷啊,哥,带我回家吧”“好,我们回家",#鹿荼白#电视剧剪辑#影视#影视剪辑,,,4.0,cluster_4,cluster
e523bdc7,抖音,2021/10/07,"(三兔番外五)既然是我弄乱了你的心,那我就允许你来弄乱我的床吧",#电视剧剪辑#影视#影视剪辑,锦超,合集·三兔系列,,合集·三兔系列,rule
3e420266,抖音,2021/10/05,"以后就跟着我吧,小乞丐,我教你保护自己。(下集观看指路@杨馥羽 )",#电视剧剪辑#影视#影视剪辑,杨馥羽,合集·那些年我的,,合集·那些年我的,rule
7b86ff11,抖音,2021/10/03,"(三兔番外三)相信一见钟情嘛?其实吧,见你的第一面,我就想嫁给你了。(下集观看指路@锦超 )",#电视剧剪辑#影视#影视剪辑,锦超,合集·三兔系列,,合集·三兔系列,rule
3a242690,抖音,2021/10/01,哥... 我可能没有办法和你一起回家了,#人物图片轮播#随拍#人物随拍,,,3.0,cluster_3,cluster
0d03a0bf,抖音,2021/09/29,"这次的兄妹线,笔给你们",#离弦#电视剧剪辑#影视#影视剪辑#鹿荼白,,,4.0,cluster_4,cluster
4305a5ff,抖音,2021/09/26,"不是儿臣变了,只是儿臣长大了。 您该高兴才是,父皇",#电视剧剪辑#影视#影视剪辑,,,4.0,cluster_4,cluster
7891da3c,抖音,2021/09/24,"(三兔番外二)小老鼠有什么好怕的...当然如果他在场的话,我就假装害怕一下吧",#电视剧剪辑#影视#影视剪辑,锦超,合集·三兔系列,,合集·三兔系列,rule
9da2c13d,抖音,2021/09/22,不等了,#二次元衍生#二次元#汉服,,合集·替身文学,,合集·替身文学,rule
f9de31e7,抖音,2021/09/22,"(预告)若我会是你往后的执念,那便当作从未遇见吧",#明星随拍资讯#明星八卦,,,0.0,cluster_0,cluster
80592f13,抖音,2021/09/20,"(三兔番外一)“香膏店的老板娘跟我说,可以把香膏抹在...想让心上人亲的位置",#电视剧剪辑#影视#影视剪辑#唐宫盛宴真香,锦超,合集·三兔系列,,合集·三兔系列,rule
43cf58d0,抖音,2021/09/14,"我总会陪着你的,姐姐",#青蛇劫起#二次元#汉服#二次元衍生,圣微,,5.0,cluster_5,cluster
37764ffc,抖音,2021/09/11,"我写的小说里啊,徒弟偷偷喜欢师父 ...”其实,我想说的是,我心悦你",#二次元衍生#hh羽粉饼#二次元#汉服,HHmakeup官方,,5.0,cluster_5,cluster
869b1d7b,抖音,2021/09/09,就是想再发一遍看看会不会继续被限,#动漫IP#二次元内容#二次元,圣微,合集·那些年我的,,合集·那些年我的,rule
708b892c,抖音,2021/09/04,"《风起未央》上线,权倾朝野的剧本太带感了,去@国风大典 看好戏上演!",#二次元衍生#二次元#汉服#国风大典,,,5.0,cluster_5,cluster
ecd8cf57,抖音,2021/09/03,夜夜笙歌,#明星随拍资讯#明星八卦,,,0.0,cluster_0,cluster
8200971e,抖音,2021/08/31,"所以,即使只有我是为你而来,最终你也没有选择我",#二次元衍生#二次元#汉服,锦超,,5.0,cluster_5,cluster
c1256cd3,抖音,2021/08/26,终究只是我们大梦了一场...,#山海入梦来,锦超,合集·恶人组,,合集·恶人组,rule
6b1e69b5,抖音,2021/08/24,"这世间我来过一趟,还能遇见你...已是再幸运不过的事情",#花皙蔻,花皙蔻,,0.0,cluster_0,cluster
c842f733,抖音,2021/08/20,长久的爱意从来不是单向奔赴。(结尾有彩蛋),#唐宫盛宴真香,锦超,合集·三兔系列,,合集·三兔系列,rule
cb008fdd,抖音,2021/08/17,"你来了,我好像没有那么孤独了",,锦超,合集·恶人组,,合集·恶人组,rule
8a29e227,抖音,2021/08/14,"(预告)你是什么东西,也配来问我",,,合集·打戏合集,,合集·打戏合集,rule
4fd43add,抖音,2021/08/13,"我永远记得,你...来过",#一生锁爱永结同心#美喵喵,花西子Florasis,,0.0,cluster_0,cluster
37a1da24,抖音,2021/08/10,"(预告)阿爹说的没错,女追男隔层纱,没什么好矜持的",,锦超,合集·三兔系列,,合集·三兔系列,rule
e551406a,抖音,2021/08/06,(预告)“世间之事岂能两全”“为何不能,,,,0.0,cluster_0,cluster
5e5d59fb,抖音,2021/08/04,"你真的不哄哄我吗?好吧...别生气了,我自己哄自己还不行吗...",,锦超,合集·三兔系列,,合集·三兔系列,rule
658ac9d8,抖音,2021/08/03,"我这一生所愿不多,唯你而已",#古风美人#凉茶礼盒#芙清,,,0.0,cluster_0,cluster
cce804bf,抖音,2021/07/26,这个故事到底该有怎么样的结局呢?,,,合集·恶人组,,合集·恶人组,rule
e88e8f5f,抖音,2021/07/24,是一个痞帅的小将军,#华裳九州#国风大赏,,,0.0,cluster_0,cluster
c635bc0c,抖音,2021/07/22,蒙眼让本就近视眼的我雪上加霜!,#半个国风圈齐聚上海,,,0.0,cluster_0,cluster
81475f39,抖音,2021/07/18,殊途还能同归吗?,,,合集·那些年我的,,合集·那些年我的,rule
303d1233,抖音,2021/07/14,"既然大家都喜欢,那我就存档吧",,,,0.0,cluster_0,cluster
778fd3e4,抖音,2021/07/06,"他们都以为你被我杀了,我是不是很聪明啊?...其实啊,我从来没有怪过你...",,庄翰_Roya,,0.0,cluster_0,cluster
911ceb12,抖音,2021/07/02,原来竟只是我一人的执念罢了,,,,0.0,cluster_0,cluster
d7a62ac6,抖音,2021/06/29,情之一字啊...,,,,0.0,cluster_0,cluster
5da85094,抖音,2021/06/25,"这次,还会被封嘛?",,,,0.0,cluster_0,cluster
a14677ac,抖音,2021/06/20,"你保护了我这么久,也让我保护你一次吧...",,庄翰_Roya,,0.0,cluster_0,cluster
e15d0c6c,抖音,2021/06/18,"我们没错,是世俗的错",,,,0.0,cluster_0,cluster
fc76d03a,抖音,2021/06/13,"人生苦短,何妨一试",,,,0.0,cluster_0,cluster
30952346,抖音,2021/06/11,"当爱恨情仇,都化乌有",,,,0.0,cluster_0,cluster
757216d5,抖音,2021/06/09,"没有纯,只有御",,,,0.0,cluster_0,cluster
289b81b3,抖音,2021/06/08,"这次,谁是猎物?",,圣微,合集·那些年我的,,合集·那些年我的,rule
91565951,抖音,2021/06/05,"下辈子吧,下辈子...",,,合集·那些年我的,,合集·那些年我的,rule
22ad5725,抖音,2021/06/02,"我输就输在,我才是动了真心的那个",,,,0.0,cluster_0,cluster
f6cf6011,抖音,2021/05/31,"一介凡人,竟敢弑神",,,,0.0,cluster_0,cluster
938df2a7,抖音,2021/05/28,"可别小看她,知道什么叫美人蛇蝎吗",#山海奇闻寻找闻中仙#山海奇闻代言人大赛,,,0.0,cluster_0,cluster
61e53c12,抖音,2021/05/26,"多少人是这个回眸入的坑(存个档,省得你们老觉得我凶。)",,,,0.0,cluster_0,cluster
849d05ad,抖音,2021/05/24,"阿爹说过,我们杨家的儿女,只能倒在战场上",,,,0.0,cluster_0,cluster
c74e67be,抖音,2021/05/21,我这样的恶鬼怎么会有心呢”“我的给你”(没有续集那就带大家重温一下好了哈哈哈),,,合集·恶人组,,合集·恶人组,rule
31e33697,抖音,2021/05/20,抓到一只小白兔,,,合集·那些年我的,,合集·那些年我的,rule
05e2d994,抖音,2021/05/17,"你独自过了这千百万年,一定觉得很寂寞吧,不如...以后就让我陪着你吧!”“好",,,,0.0,cluster_0,cluster
b284057b,抖音,2021/05/16,"既然迷路了,那以后便陪着我吧”+小助手",,DOU,,0.0,cluster_0,cluster
b805b397,抖音,2021/05/13,你赢了,,庄翰_Roya,,0.0,cluster_0,cluster
32d1a168,抖音,2021/05/07,"那些想说不敢说的话,也许再也说不出口了",,,,0.0,cluster_0,cluster
db8b737d,抖音,2021/05/05,江南又烟雨,#颜值#美女,,,0.0,cluster_0,cluster
7c4545be,抖音,2021/05/03,好像解锁新cp了hhhh,#九州华裳聚方特#华裳九州,,,0.0,cluster_0,cluster
0b7fa597,抖音,2021/05/02,心有一人,#九州华裳聚方特#华裳九州,,,0.0,cluster_0,cluster
11d0fd9a,抖音,2021/05/02,仿佛第一次走路的样子,#九州华裳聚方特#华裳九州,,,0.0,cluster_0,cluster
4e56c970,抖音,2021/04/30,"花开了,它们告诉我说,你回来了",,,,0.0,cluster_0,cluster
3a943ae9,抖音,2021/04/28,"为什么到处都是血...好多血..”“别看,别怕,我在",,,,0.0,cluster_0,cluster
b5effa37,抖音,2021/04/25,"我想听听,你用什么界定善恶?",,知竹zZ,合集·恶人组,,合集·恶人组,rule
1a9ef507,抖音,2021/04/22,"我醒来找不到你,所以就跑出来了...",,,,0.0,cluster_0,cluster
340dec87,抖音,2021/04/20,凶狠值max,,,,0.0,cluster_0,cluster
bfca4752,抖音,2021/04/18,"真的值得吗?”“我知道不值得,可还是飞蛾扑了火",,知竹zZ,,0.0,cluster_0,cluster
4d96a018,抖音,2021/04/03,张嘴吃糖,,知竹zZ,合集·恶人组,,合集·恶人组,rule
ad71a9e1,抖音,2021/03/31,"我没伤害你,可不代表我这条毒蛇,不会咬人呐。(是你们想要的黑化吗)",,,,0.0,cluster_0,cluster
5a9618a6,抖音,2021/03/28,"肯定是因为得到过,而又失去了",,知竹zZ,,0.0,cluster_0,cluster
21c24dc6,抖音,2021/03/25,"我不奢求你的原谅,但我只有你了,不能再失去了...",,,合集·那些年我的,,合集·那些年我的,rule
607943b2,抖音,2021/03/23,"我总在想,如果她没有记起从前,那我们是不是能一直就这么开心下去...",,,,0.0,cluster_0,cluster
20937642,抖音,2021/03/16,我再也寻不到他了...,,,,0.0,cluster_0,cluster
445ca75c,抖音,2021/02/23,"打架和发糖感觉就是两个人hh,全组最费特效的人物应该就是我了吧",,,,0.0,cluster_0,cluster
d5d92d01,抖音,2021/02/21,这首歌还蛮适合发糖的hh。出境,,"杨馥羽,知竹zZ",合集·那些年我的,,合集·那些年我的,rule
4c1fe278,抖音,2021/02/19,"怎么?已经回不去了,不是么?",,,,2.0,cluster_2,cluster
f114d937,抖音,2021/02/15,你看我干嘛?看舞啊”出境,,"庄翰_Roya,知竹zZ",合集·那些年我的,,合集·那些年我的,rule
ea727a3b,抖音,2021/02/14,"我这辈子最大的悲哀,就是爱上了你。(给大家发一颗苦糖吧)",,,,0.0,cluster_0,cluster
2833d93d,抖音,2021/02/11,"我不喜欢你现在暴躁的样子,我们之间,还是和从前一样温声细语的,不好吗?",,,合集·那些年我的,,合集·那些年我的,rule
0b2e7c0f,抖音,2021/02/09,我才不要回头...,,,,0.0,cluster_0,cluster
0234e79c,抖音,2021/02/08,"怎么,连你也想殺了我吗?",,,,2.0,cluster_2,cluster
e1250c91,抖音,2021/01/30,"我肯定,在几百年前就说过..",,,合集·那些年我的,,合集·那些年我的,rule
7e02dbef,抖音,2021/01/21,公子可愿为了我做一切事情?,,知竹zZ,,0.0,cluster_0,cluster
9a89b251,抖音,2021/01/18,想不想姐姐对你更好啊 +小助手,,DOU,,0.0,cluster_0,cluster
89cbfaed,抖音,2021/01/17,真好啊...这辈子我们又遇到了,#花西子,,,0.0,cluster_0,cluster
53a5e26b,抖音,2021/01/01,,,,,0.0,cluster_0,cluster
bf2d6f24,抖音,2020/12/30,"如今回头看,过去就像一场笑话",,想要铁流海,,0.0,cluster_0,cluster
da493edb,抖音,2020/12/28,"盛世点缀,乱世赎罪",,,,0.0,cluster_0,cluster
28e4ec56,抖音,2020/12/26,以后我保护你。(竖屏也快乐!找个搭上节奏的歌太难了) 小可爱: -3,,"走回去了v,我不是肚子",合集·那些年我的,,合集·那些年我的,rule
e9ae42a2,抖音,2020/12/24,"我知道,这是梦",,,,0.0,cluster_0,cluster
a9162b04,抖音,2020/12/22,"只怪我自己太清醒,连梦里都知道你不会随我的心意..",,,,4.0,cluster_4,cluster
6a39bf4f,抖音,2020/12/20,为什么我的cp不是在干架就是在干架的路上@洋洋 汉服,,君辞,合集·打戏合集,,合集·打戏合集,rule
102cc8bb,抖音,2020/12/18,"那样无忧无虑的日子,再也回不去了吧",,,,0.0,cluster_0,cluster
c10861b2,抖音,2020/12/12,"我不记得自己是人是鬼了,我只觉得这片竹林,已经很久没人来过了。 +小助手",,DOU,,4.0,cluster_4,cluster
ae93d504,抖音,2020/12/10,"公子何不留下,我们一起下五子棋可好?",,,,0.0,cluster_0,cluster
df43bb01,抖音,2020/12/08,"斥巨资把走秀的故事配出来了,确定不来看一下?",#中国华服日,,,0.0,cluster_0,cluster
d39aeb6d,抖音,2020/12/07,"我的目标,是你哦",#中国华服日,,,0.0,cluster_0,cluster
a0898adc,抖音,2020/12/06,彩排正场穿插着看吧哈哈,#中国华服日,,,0.0,cluster_0,cluster
5190b40d,抖音,2020/12/04,若我们可以不用理会这俗世的流言蜚语该有多好。(看过音容的再过来虐一把?) +小助手,,DOU,合集·那些年我的,,合集·那些年我的,rule
18fb7674,抖音,2020/11/29,我做的一切都是为了你啊...你的心难道是铁做的吗?!,,,,0.0,cluster_0,cluster
4fa51835,抖音,2020/11/27,为何你偏偏要错过我呢,,,,0.0,cluster_0,cluster
bfcc318f,抖音,2020/11/22,"虽然凶巴巴是我的擅长,但还是希望自己能拥有更多其他的风格吧,比如可爱啥的哈哈哈哈",,,,4.0,cluster_4,cluster
889f7f79,抖音,2020/11/15,"我们这类人,都活在了背阳面",#礼乐大会,,,0.0,cluster_0,cluster
5125e6a1,抖音,2020/11/08,"苗疆巫蛊,起死回生,魂魄一体共存。我是张生,张生亦是我",,,,0.0,cluster_0,cluster
416da629,抖音,2020/11/05,"不是说爱我么,为何现在都不敢看着我? +小助手",,DOU,,0.0,cluster_0,cluster
b4f5b11c,抖音,2020/11/04,"天地不仁,以万物为刍狗",,,,0.0,cluster_0,cluster
2dc3106d,抖音,2020/10/17,奇怪的CP又增加了!小公子,,"言非my,走回去了v",合集·打戏合集,,合集·打戏合集,rule
06ad54dc,抖音,2020/10/12,我有什么错?是这世间的一切错了,#华裳九州,,,0.0,cluster_0,cluster
0ce062cf,抖音,2020/10/10,世人只道红颜祸水祸国殃民。却没有人过问她们是否自己愿意,#2020国风大典,,,4.0,cluster_4,cluster
77025c47,抖音,2020/10/09,快来pick最心动的笑容!(没错我在混更hhhhh),#笑容,,,0.0,cluster_0,cluster
7d9d0487,抖音,2020/10/08,"赢了便是苏妲己,输了便是杨玉环。我赌我赢了",#2020国风大典,,,0.0,cluster_0,cluster
e8dc49f3,抖音,2020/10/07,"看看哪几个视频被你刷到过?(ps、其实我是这段时间瘦了很多,脸不圆润了!这都是我!)",#2020国风大典,,,0.0,cluster_0,cluster
91a7fe9b,抖音,2020/10/06,哈哈哈哈看完有惊喜! +小助手,#国风大典2020#国风大典#华裳九州,DOU,,0.0,cluster_0,cluster
220e6297,抖音,2020/09/15,补发!酷公子: 拍摄,,"杨伊墨,走回去了v",合集·打戏合集,,合集·打戏合集,rule
08c09d8e,抖音,2020/09/12,"打戏好难,但还好大家都不怕难。(剑是道具,危险动作不要轻易尝试)小哥",,"庄翰_Roya,知竹zZ",合集·打戏合集,,合集·打戏合集,rule
edf893a8,抖音,2020/09/01,"不后悔。起码,遇到了",#民国爱情十有九悲,,,0.0,cluster_0,cluster
f9e5d9c5,抖音,2020/08/31,依稀烛火暖身心,#闲庭絮,,,0.0,cluster_0,cluster
83ff57ef,抖音,2020/08/23,注定会被限流的视频。小哥: 拍摄: (都是道具不要轻易模仿哈),#古风#打戏,"庄翰_Roya,走回去了v",合集·打戏合集,,合集·打戏合集,rule
4c75323a,抖音,2020/08/22,"暖矣,孤矣",,,,0.0,cluster_0,cluster
11053fcf,抖音,2020/06/17,所有攻击在坦克面前无效了哈哈哈!辫子老师太有武侠壮士那感觉了! +小助手,,走回去了v,合集·打戏合集,,合集·打戏合集,rule
f3139186,抖音,2020/03/26,"既然是得不到的,就都毁掉好了...",,,,0.0,cluster_0,cluster
1afbddea,抖音,2020/03/17,"君不见,妾起舞翩翩。君不见,妾鼓瑟绵绵",,,,0.0,cluster_0,cluster
0a506e04,抖音,2020/03/15,想当年也是实战型选手啊..(视频高糊大家靠脑补吧哈哈),#穿汉服前的你,,,0.0,cluster_0,cluster
32062340,抖音,2020/03/02,"你是画中悲欢离合,一眼万年的初见",,,,0.0,cluster_0,cluster
ff85c56d,抖音,2025/06/26,谁能不爱小狗!?,#互动影视作品#影视资讯#影视#盛世天下首曝,,,4.0,cluster_4,cluster
9ca86805,抖音,2025/05/24,"没错,这次在@《出马》剧组 我叫...翠花",#明星随拍资讯#出马剧组#明星八卦,,,0.0,cluster_0,cluster
b9f35409,抖音,2025/04/04,"可惜面具戴太久了,我已无法摘下",#人物图片轮播#随拍#人物随拍,,,3.0,cluster_3,cluster
dd6eea3c,抖音,2025/03/20,"堕神|我所做这一切,皆为苍生!",#二次元衍生#cosplay#二次元,,,5.0,cluster_5,cluster
49c82069,抖音,2024/12/31,迎接2025咯!,#舞蹈#专业舞蹈#街舞,,,1.0,cluster_1,cluster
fdaa00d1,抖音,2024/11/01,nice to meet ya!,#哈莉奎茵#二次元#二次元衍生#cosplay,,,5.0,cluster_5,cluster
56bff6b3,抖音,2024/10/26,"你看我手无缚鸡之力的,怎么会杀人呢...",#明星随拍资讯#明星八卦,,,2.0,cluster_2,cluster
3cfbe8f3,抖音,2024/10/18,小丑女下乡记!,#二次元衍生#cosplay#二次元,,,5.0,cluster_5,cluster
83f157bb,抖音,2024/10/15,"我只等你一年,如今年复一年",#人物图片轮播#随拍#人物随拍,,,3.0,cluster_3,cluster
523903b4,抖音,2024/10/13,你是哪里来的客人呀?,#人物图片轮播#随拍#人物随拍,,,3.0,cluster_3,cluster
13c53e3e,抖音,2024/08/30,一个打戏小训练,#幕后花絮#随拍#生活记录#日常vlog#短剧浮华梦,,,0.0,cluster_0,cluster
ebe31544,抖音,2024/08/23,区区游戏!,#短剧浮华梦#其他剧情#剧情#剧情演绎,,,2.0,cluster_2,cluster
7c30573c,抖音,2024/08/23,"就算是一场梦,就算未来不再相见,这一世,我只想守护好你",#短剧浮华梦#其他剧情#剧情#剧情演绎,,,2.0,cluster_2,cluster
c0cef8bf,抖音,2024/05/05,今日没有一个活人可以踏过山门,#芜湖方特华裳盛典#二次元#汉服#二次元衍生#画江湖之不良人,,,5.0,cluster_5,cluster
47058a86,抖音,2024/04/16,"人行于世,莫不披血如簪花,一步留香百世骂名。 杀心既起,则落刀无悔。 ( 5月3日不见不散!)",#芜湖方特华裳盛典#所有不良人芜湖集合#电视剧剪辑#影视#影视剪辑#国风才是顶级浪漫,,,4.0,cluster_4,cluster
257f0747,抖音,2024/03/16,穿越任务:活到大结局,#二次元衍生#二次元#汉服,"小莎莎莎同学,知竹工作室",,5.0,cluster_5,cluster
8ce01439,抖音,2024/03/13,"皇上可曾听过,这温柔刀,刀刀割人心",#二次元衍生#二次元#汉服,,,5.0,cluster_5,cluster
87c676b9,抖音,2023/12/06,和杨可爱刘超越的女团舞 ️,#舞蹈#专业舞蹈#街舞,,,1.0,cluster_1,cluster
273defa9,抖音,2023/09/02,一个大头,#二次元#汉服#全网都在挑战飞天神乐#二次元衍生#敦煌国风秀的正确打开方式#敦煌百人国风大秀太震撼了,"云裳华胄,司昂",,5.0,cluster_5,cluster
e3b701db,抖音,2023/08/28,蝉,#二次元#汉服#全网都在挑战飞天神乐#二次元衍生#敦煌国风秀的正确打开方式#敦煌百人国风大秀太震撼了,云裳华胄,,5.0,cluster_5,cluster
b7e6425a,抖音,2023/08/22,"自你之后,我再没相信过她人",#二次元衍生#二次元#汉服,,,5.0,cluster_5,cluster
aa72834e,抖音,2023/08/18,打滚,#舞蹈#专业舞蹈#街舞,,,1.0,cluster_1,cluster
4e64c580,抖音,2023/08/14,两支舞凑不到30s我都感觉要跳撅过去了...就算看了热烈也没办法补偿因为间断跳舞而失去的体能和柔韧... 感觉染了以后的头发更难甩了,#舞蹈#专业舞蹈#街舞,,,1.0,cluster_1,cluster
64a11cfd,抖音,2023/08/06,当两个疯子开始搞纯爱,#电视剧剪辑#影视#影视剪辑,,,4.0,cluster_4,cluster
ce9b7d83,抖音,2023/07/12,"可惜故事已经发生,可惜我无法改写",#多人随拍#随拍#人物随拍,,,3.0,cluster_3,cluster
0efc3322,抖音,2023/07/12,有缘之人能穿越时空回到过去...那回到过去就能再遇见你吗,#摄影#随拍#摄影写真,,,0.0,cluster_0,cluster
f3535fb5,抖音,2023/06/30,我的手背怎么黑的跟带了手套一样哈哈哈哈哈,#舞蹈#专业舞蹈#街舞,,,1.0,cluster_1,cluster
85a31e41,抖音,2023/06/08,"这世界本就不完美,做自己就好",#单人随拍#随拍#人物随拍,,,3.0,cluster_3,cluster
2d5068e5,抖音,2023/05/20,"带着疑惑跳完了女娃的新歌... 又到了kpop新歌疑惑期,解决方法就是多听几天洗脑了就听顺了 明明不难,啊...却没有一遍跳对",#舞蹈#专业舞蹈#街舞,,,1.0,cluster_1,cluster
b7478b0d,抖音,2023/05/15,卡快过期的我be like,#舞蹈#专业舞蹈#街舞,,,1.0,cluster_1,cluster
d5882f79,抖音,2023/05/13,又是一首喜欢的歌!,#舞蹈#专业舞蹈#街舞,,,1.0,cluster_1,cluster
49ea1bcb,抖音,2023/05/11,今日浅跳。 这个裤子是一点儿马步都蹲不下去....,#舞蹈#专业舞蹈#街舞,,,1.0,cluster_1,cluster
40b511fa,抖音,2023/05/09,重启锻炼模式,#舞蹈#专业舞蹈#街舞,,,1.0,cluster_1,cluster
bb3f2349,抖音,2023/04/28,"内心深处的两个灵魂:优雅的公主、暗黑的女巫。一个是信仰,一个是守卫",#人物图片轮播#随拍#人物随拍,,,3.0,cluster_3,cluster
b776e9d7,抖音,2023/04/18,查收4亿福利,#多人随拍#随拍#人物随拍,,,3.0,cluster_3,cluster
f4227740,抖音,2023/04/13,"你听到了吗,我震耳欲聋的思念",#二次元衍生#二次元#汉服,,,5.0,cluster_5,cluster
4e4398bd,抖音,2023/04/11,"十二真神今日诛魔,风神入阵。众神归墟,庇护天地!",#二次元#汉服#二次元衍生#长月烬明十二神真神仙#长月烬明,,,5.0,cluster_5,cluster
df336400,抖音,2023/04/05,今天只忘了一点点动作也!,#舞蹈#专业舞蹈#街舞,,,1.0,cluster_1,cluster
c564fc63,抖音,2023/04/04,骑着小电瓶去兜风哈哈哈,#舞蹈#专业舞蹈#街舞,,,1.0,cluster_1,cluster
434b1ac6,抖音,2023/04/03,感觉头发又长了也!,#舞蹈#专业舞蹈#街舞,,,1.0,cluster_1,cluster
380a1362,抖音,2023/03/29,越惨越好看?那今天真的很好看了...,#电视剧剪辑#影视#影视剪辑#短剧东栏雪,,,4.0,cluster_4,cluster
1c7b7791,抖音,2023/03/24,"一般来说这种放炮程度的视频我都会当作没跳过,但是突然想借这个视频聊几句~ 其实我在跳舞方面不属于有天赋的类型,记动作不快(现在依旧慢的很),肢体只是相对协调(现在好很多了),刚开始那会真跳的巨搞笑但可自信了(翻看曾经的视频有感)。 因为喜欢,所以愿意为它受苦受累花时间,虽然成不了专业的舞者,但起码我在这件事情上获得了快乐~ 如果你也有喜欢的事情,就不要因为担心自己做不好而不去做,做自己喜欢的事就是去体验它带来的快乐呀,做不做得好又有什么关系呢?",#舞蹈#专业舞蹈#街舞,,,0.0,cluster_0,cluster
33013a30,抖音,2023/03/20,"今天真是好大的雨(真是好久好久没跳舞了,每次间隔这么长时间就像刚学时候那样感觉控制不了自己的身体,跳舞果然还是要定期练习才行)",#舞蹈#专业舞蹈#街舞,,,1.0,cluster_1,cluster
66f4c587,抖音,2023/03/06,"等的人总会回来的,在梦里或者在心里",#二次元衍生#二次元#汉服,,,5.0,cluster_5,cluster
7966d815,抖音,2023/02/27,记录,#人物图片轮播#随拍#人物随拍,,,3.0,cluster_3,cluster
fd36a947,抖音,2023/02/16,"我好像在等见你的这一刻,等了很久",#人物图片轮播#随拍#人物随拍,,,3.0,cluster_3,cluster
6ab5372d,抖音,2023/02/01,像极了在新婚之夜没有等到新郎的倒霉蛋,#人物图片轮播#随拍#人物随拍,,,3.0,cluster_3,cluster
85d099d5,抖音,2023/01/02,"好可惜啊,还以为我们同路呢",#人物图片轮播#随拍#人物随拍,,,3.0,cluster_3,cluster
d19914d5,抖音,2022/12/06,切了三段终于勉强避开了镜子的缝隙 今天的裤子虽然好看但是岔不开腿蹲不下去....,#舞蹈#专业舞蹈#街舞,,,1.0,cluster_1,cluster
6e556f9c,抖音,2022/12/03,是谁的apinkDNA动了!,#舞蹈#专业舞蹈#街舞,,,1.0,cluster_1,cluster
f402c453,抖音,2022/12/02,寒冷的一天适合划水,#舞蹈#专业舞蹈#街舞,,,1.0,cluster_1,cluster
a62f6eeb,抖音,2022/12/01,"去年拍的网大要上线啦。 12月4号在爱 艺独播,大家记得去看呀",#电视剧剪辑#影视#影视剪辑,,,4.0,cluster_4,cluster
7311edcf,抖音,2022/11/30,今天杭州的雪真好看,#人物图片轮播#随拍#人物随拍,,,3.0,cluster_3,cluster
2924c48a,抖音,2022/11/20,你知道兰因絮果这句话吗,#明星随拍资讯#明星八卦,,,0.0,cluster_0,cluster
498ca036,抖音,2022/11/11,"可恶,被自己装到了!",#单人随拍#随拍#人物随拍,,,3.0,cluster_3,cluster
178532d0,抖音,2022/11/01,pink day!好长的舞哈哈哈哈,#舞蹈#专业舞蹈#街舞,,,1.0,cluster_1,cluster
4b38a4e2,抖音,2022/10/24,愉快的会师!,#舞蹈#专业舞蹈#街舞,,,1.0,cluster_1,cluster
61d4df00,抖音,2022/10/23,"第一段耍酷失败,脚:我记住了;手:我还没记住;脑子:现在跳到哪了? 第二段自己挡的严严实实,srds差一点点就学完了",#舞蹈#专业舞蹈#街舞,,,1.0,cluster_1,cluster
f8703221,抖音,2022/10/19,今天终于跳到了小甜舞,#舞蹈#专业舞蹈#街舞,,,1.0,cluster_1,cluster
5ed923cd,抖音,2022/10/15,"时隔一年半回去训练了,结果上来就半实战哈哈哈 我:?就当我没练过跆拳道吧!",#竞技体育#体育#拳击,,,0.0,cluster_0,cluster
60b09097,抖音,2022/10/15,仿佛一只铃铛歪掉的叮当猫,#舞蹈#专业舞蹈#街舞,,,1.0,cluster_1,cluster
925d4c3d,抖音,2022/10/14,梦游的一天,#舞蹈#专业舞蹈#街舞,,,1.0,cluster_1,cluster
b8f1edc7,抖音,2022/10/05,"虽然这段放炮了,但是和老师仿佛跳了双人舞哈哈哈我喜欢",#舞蹈#专业舞蹈#街舞,,,1.0,cluster_1,cluster
05283d6e,抖音,2022/09/30,我是帅哥!,#舞蹈#专业舞蹈#街舞,,,1.0,cluster_1,cluster
65a7e70a,抖音,2022/09/23,康复训练第四天。差点把自己跳没了,#舞蹈#专业舞蹈#街舞,,,1.0,cluster_1,cluster
3dac31b7,抖音,2022/09/19,"开心开心,今天终于跳了双人舞!",#舞蹈#专业舞蹈#街舞,,,1.0,cluster_1,cluster
a954c5e2,抖音,2022/09/14,"今天的舞足以让我这个老年人脑震荡...脑子说你跟得上,肌肉说不你跟不上",#舞蹈#专业舞蹈#街舞,,,1.0,cluster_1,cluster
c0f52927,抖音,2022/09/13,好的我又开始跳舞了。 这熟悉的肌无力感啊,#舞蹈#专业舞蹈#街舞,,,1.0,cluster_1,cluster
5d3cbe3a,抖音,2022/06/27,今晚的舞一定是为了惩罚我中午吃太多了,#舞蹈#专业舞蹈#街舞,,,1.0,cluster_1,cluster
7a095a3f,抖音,2022/06/25,"工作推迟,又能去舞几天哈哈哈 我要战胜这僵硬的身体!",#舞蹈#专业舞蹈#街舞,,,1.0,cluster_1,cluster
cf167902,抖音,2022/06/23,"要开始准备开始工作了,可能有段时间不能跳舞了... ‍",#舞蹈#专业舞蹈#街舞,,,1.0,cluster_1,cluster
e4c210be,抖音,2022/06/22,今日份运动完成,#舞蹈#专业舞蹈#街舞,,,1.0,cluster_1,cluster
33e8334a,抖音,2022/06/11,一般这种分两节的视频就是动作一个忘了前面一个忘了后面哈哈哈,#舞蹈#专业舞蹈#街舞,,,1.0,cluster_1,cluster
76add705,抖音,2022/06/08,今天我的马甲线已经回来了哈哈哈哈哈!,#舞蹈#专业舞蹈#街舞,,,1.0,cluster_1,cluster
0690b3e4,抖音,2022/06/07,夏天来啦!,#舞蹈#专业舞蹈#街舞,,,1.0,cluster_1,cluster
f1575f7d,抖音,2022/06/05,今天是甜酷风?,#舞蹈#专业舞蹈#街舞,,,1.0,cluster_1,cluster
68896d36,抖音,2022/06/04,趁着周末要好好补课!,#舞蹈#专业舞蹈#街舞,,,1.0,cluster_1,cluster
90abee85,抖音,2022/06/01,我好像在跳广场舞哦hhh (三个月不跳舞我已经是废人了哈哈哈),#舞蹈#专业舞蹈#街舞,,,1.0,cluster_1,cluster
3a824ed1,抖音,2022/03/10,《霸总和她的小娇妻》如题,#人物图片轮播#随拍#人物随拍,,,3.0,cluster_3,cluster
a674e952,抖音,2022/03/09,大家都跳这么卖力我却在划水(bushi 其实我是真的动作一大就会忘动作 ‍),#舞蹈#专业舞蹈#街舞,,,1.0,cluster_1,cluster
2031c1f4,抖音,2022/03/08,水一段花絮,#长公主在上#片场演绎#明星八卦,,,0.0,cluster_0,cluster
4e0baa1e,抖音,2022/03/04,春天来啦!该减肥啦!,#舞蹈#鬼步舞#专业舞蹈,,,1.0,cluster_1,cluster
835f22db,抖音,2021/12/23,一眼万年,#人物图片轮播#随拍#人物随拍,,,3.0,cluster_3,cluster
2cb8efa8,抖音,2021/12/07,"距离这次练习室居然过去快一年了我的妈呀我都没有好好去练舞也没有好好练跆拳道,哭了",#舞蹈#专业舞蹈#街舞,,,1.0,cluster_1,cluster
83d8a7b7,抖音,2021/12/03,最近真是广告高产了...还有电竞桌搭配剪辑台就是很香啊!想要再拥有一个明基32寸的显示器哈哈哈哈!,#科技周边#科技#影音设备,,,0.0,cluster_0,cluster
a178e14f,抖音,2021/10/10,今日份划水哈哈哈 每次urban都要划水我是真的记不住动作...,#舞蹈#专业舞蹈#街舞,,,1.0,cluster_1,cluster
22c29de8,抖音,2021/10/08,耶耶耶今日完成跳舞打卡,#舞蹈#专业舞蹈#街舞,,,1.0,cluster_1,cluster
d2f2e69d,抖音,2021/09/25,今天是个帅哥,#二次元衍生#二次元#汉服,,,5.0,cluster_5,cluster
464da9de,抖音,2021/07/26,"害,当帅哥也不容易..",#二次元衍生#二次元#汉服,,,5.0,cluster_5,cluster
ddbb4e4c,抖音,2021/07/04,小狗狗!小狗狗!,#动漫IP#二次元内容#二次元,,,0.0,cluster_0,cluster
